Variante;Datum;Anteil [%];Gruppenzuordnung
XBB.1.9.2;2022-09-21;0.0;XBB.x
XBB.1.9.2;2022-09-28;0.0;XBB.x
XBB.1.9.2;2022-10-05;0.0;XBB.x
XBB.1.9.2;2022-10-12;0.0;XBB.x
XBB.1.9.2;2022-10-19;0.0;XBB.x
XBB.1.9.2;2022-10-26;0.0;XBB.x
XBB.1.9.2;2022-11-02;0.0;XBB.x
XBB.1.9.2;2022-11-09;0.0;XBB.x
XBB.1.9.2;2022-11-16;0.0;XBB.x
XBB.1.9.2;2022-11-23;0.0;XBB.x
XBB.1.9.2;2022-11-30;0.0;XBB.x
XBB.1.9.2;2022-12-07;0.0;XBB.x
XBB.1.9.2;2022-12-14;0.0;XBB.x
XBB.1.9.2;2022-12-21;0.0;XBB.x
XBB.1.9.2;2022-12-28;0.0;XBB.x
XBB.1.9.2;2023-01-04;0.0;XBB.x
XBB.1.9.2;2023-01-11;0.0;XBB.x
XBB.1.9.2;2023-01-18;0.0;XBB.x
XBB.1.9.2;2023-01-25;0.0;XBB.x
XBB.1.9.2;2023-02-01;0.003;XBB.x
XBB.1.9.2;2023-02-08;0.008;XBB.x
XBB.1.9.2;2023-02-15;0.001;XBB.x
XBB.1.9.2;2023-02-22;0.001;XBB.x
XBB.1.9.2;2023-03-01;0.001;XBB.x
XBB.1.9.2;2023-03-08;0.004;XBB.x
XBB.1.9.2;2023-03-15;0.002;XBB.x
XBB.1.9.2;2023-03-22;0.002;XBB.x
XBB.1.9.2;2023-03-29;0.001;XBB.x
XBB.1.9.2;2023-04-05;0.001;XBB.x
XBB.1.9.2;2023-04-12;0.002;XBB.x
XBB.1.9.2;2023-04-19;0.016;XBB.x
XBB.1.9.2;2023-04-26;0.008;XBB.x
XBB.1.9.2;2023-05-03;0.005;XBB.x
XBB.1.9.2;2023-05-10;0.015;XBB.x
XBB.1.9.2;2023-05-17;0.012;XBB.x
XBB.1.9.2;2023-05-24;0.001;XBB.x
XBB.1.9.2;2023-05-31;0.003;XBB.x
XBB.1.9.2;2023-06-07;0.013;XBB.x
XBB.1.9.2;2023-06-14;0.074;XBB.x
XBB.1.9.2;2023-06-21;0.03;XBB.x
XBB.1.9.2;2023-06-28;0.223;XBB.x
XBB.1.9.2;2023-07-05;0.097;XBB.x
XBB.1.9.2;2023-07-12;0.055;XBB.x
XBB.1.9.2;2023-07-19;0.096;XBB.x
XBB.1.9.2;2023-07-26;0.031;XBB.x
XBB.1.9.2;2023-08-02;0.032;XBB.x
XBB.1.9.2;2023-08-09;0.139;XBB.x
XBB.1.9.2;2023-08-16;0.018;XBB.x
XBB.1.9.2;2023-08-23;0.013;XBB.x
XBB.1.9.2;2023-08-30;0.005;XBB.x
XBB.1.9.2;2023-09-06;0.011;XBB.x
XBB.1.9.2;2023-09-13;0.011;XBB.x
XBB.1.9.2;2023-09-20;0.014;XBB.x
XBB.1.9.2;2023-09-27;0.022;XBB.x
XBB.1.9.2;2023-10-04;0.052;XBB.x
XBB.1.9.2;2023-10-11;0.044;XBB.x
XBB.1.9.2;2023-10-18;0.033;XBB.x
XBB.1.9.2;2023-10-25;0.007;XBB.x
XBB.1.9.2;2023-11-01;0.005;XBB.x
XBB.1.9.2;2023-11-08;0.011;XBB.x
XBB.1.9.2;2023-11-15;0.007;XBB.x
XBB.1.9.2;2023-11-22;0.024;XBB.x
XBB.1.9.2;2023-11-29;0.004;XBB.x
XBB.1.9.2;2023-12-06;0.007;XBB.x
XBB.1.9.2;2023-12-13;0.006;XBB.x
XBB.1.9.2;2023-12-20;0.001;XBB.x
XBB.1.9.2;2023-12-27;0.002;XBB.x
XBB.1.9.2;2024-01-03;0.002;XBB.x
XBB.1.9.2;2024-01-10;0.002;XBB.x
XBB.1.9.2;2024-01-17;0.001;XBB.x
XBB.1.9.2;2024-01-24;0.002;XBB.x
XBB.1.9.2;2024-01-31;0.001;XBB.x
XBB.1.9.2;2024-02-07;0.001;XBB.x
XBB.1.9.2;2024-02-14;0.0;XBB.x
XBB.1.9.2;2024-02-21;0.0;XBB.x
XBB.1.9.2;2024-02-28;0.0;XBB.x
XBB.1.9;2022-09-21;0.0;XBB.x
XBB.1.9;2022-09-28;0.0;XBB.x
XBB.1.9;2022-10-05;0.0;XBB.x
XBB.1.9;2022-10-12;0.0;XBB.x
XBB.1.9;2022-10-19;0.0;XBB.x
XBB.1.9;2022-10-26;0.001;XBB.x
XBB.1.9;2022-11-02;0.004;XBB.x
XBB.1.9;2022-11-09;0.001;XBB.x
XBB.1.9;2022-11-16;0.0;XBB.x
XBB.1.9;2022-11-23;0.001;XBB.x
XBB.1.9;2022-11-30;0.001;XBB.x
XBB.1.9;2022-12-07;0.003;XBB.x
XBB.1.9;2022-12-14;0.006;XBB.x
XBB.1.9;2022-12-21;0.0;XBB.x
XBB.1.9;2022-12-28;0.0;XBB.x
XBB.1.9;2023-01-04;0.0;XBB.x
XBB.1.9;2023-01-11;0.001;XBB.x
XBB.1.9;2023-01-18;0.0;XBB.x
XBB.1.9;2023-01-25;0.0;XBB.x
XBB.1.9;2023-02-01;0.0;XBB.x
XBB.1.9;2023-02-08;0.011;XBB.x
XBB.1.9;2023-02-15;0.029;XBB.x
XBB.1.9;2023-02-22;0.042;XBB.x
XBB.1.9;2023-03-01;0.051;XBB.x
XBB.1.9;2023-03-08;0.064;XBB.x
XBB.1.9;2023-03-15;0.074;XBB.x
XBB.1.9;2023-03-22;0.097;XBB.x
XBB.1.9;2023-03-29;0.097;XBB.x
XBB.1.9;2023-04-05;0.134;XBB.x
XBB.1.9;2023-04-12;0.139;XBB.x
XBB.1.9;2023-04-19;0.122;XBB.x
XBB.1.9;2023-04-26;0.131;XBB.x
XBB.1.9;2023-05-03;0.126;XBB.x
XBB.1.9;2023-05-10;0.087;XBB.x
XBB.1.9;2023-05-17;0.059;XBB.x
XBB.1.9;2023-05-24;0.131;XBB.x
XBB.1.9;2023-05-31;0.053;XBB.x
XBB.1.9;2023-06-07;0.066;XBB.x
XBB.1.9;2023-06-14;0.104;XBB.x
XBB.1.9;2023-06-21;0.057;XBB.x
XBB.1.9;2023-06-28;0.014;XBB.x
XBB.1.9;2023-07-05;0.178;XBB.x
XBB.1.9;2023-07-12;0.168;XBB.x
XBB.1.9;2023-07-19;0.039;XBB.x
XBB.1.9;2023-07-26;0.121;XBB.x
XBB.1.9;2023-08-02;0.02;XBB.x
XBB.1.9;2023-08-09;0.013;XBB.x
XBB.1.9;2023-08-16;0.019;XBB.x
XBB.1.9;2023-08-23;0.043;XBB.x
XBB.1.9;2023-08-30;0.02;XBB.x
XBB.1.9;2023-09-06;0.024;XBB.x
XBB.1.9;2023-09-13;0.029;XBB.x
XBB.1.9;2023-09-20;0.041;XBB.x
XBB.1.9;2023-09-27;0.012;XBB.x
XBB.1.9;2023-10-04;0.052;XBB.x
XBB.1.9;2023-10-11;0.029;XBB.x
XBB.1.9;2023-10-18;0.037;XBB.x
XBB.1.9;2023-10-25;0.027;XBB.x
XBB.1.9;2023-11-01;0.004;XBB.x
XBB.1.9;2023-11-08;0.011;XBB.x
XBB.1.9;2023-11-15;0.005;XBB.x
XBB.1.9;2023-11-22;0.003;XBB.x
XBB.1.9;2023-11-29;0.003;XBB.x
XBB.1.9;2023-12-06;0.004;XBB.x
XBB.1.9;2023-12-13;0.002;XBB.x
XBB.1.9;2023-12-20;0.002;XBB.x
XBB.1.9;2023-12-27;0.002;XBB.x
XBB.1.9;2024-01-03;0.002;XBB.x
XBB.1.9;2024-01-10;0.002;XBB.x
XBB.1.9;2024-01-17;0.01;XBB.x
XBB.1.9;2024-01-24;0.008;XBB.x
XBB.1.9;2024-01-31;0.002;XBB.x
XBB.1.9;2024-02-07;0.0;XBB.x
XBB.1.9;2024-02-14;0.001;XBB.x
XBB.1.9;2024-02-21;0.0;XBB.x
XBB.1.9;2024-02-28;0.001;XBB.x
XBB.1.5;2022-09-21;0.0;XBB.x
XBB.1.5;2022-09-28;0.0;XBB.x
XBB.1.5;2022-10-05;0.0;XBB.x
XBB.1.5;2022-10-12;0.0;XBB.x
XBB.1.5;2022-10-19;0.0;XBB.x
XBB.1.5;2022-10-26;0.0;XBB.x
XBB.1.5;2022-11-02;0.005;XBB.x
XBB.1.5;2022-11-09;0.0;XBB.x
XBB.1.5;2022-11-16;0.001;XBB.x
XBB.1.5;2022-11-23;0.0;XBB.x
XBB.1.5;2022-11-30;0.0;XBB.x
XBB.1.5;2022-12-07;0.011;XBB.x
XBB.1.5;2022-12-14;0.002;XBB.x
XBB.1.5;2022-12-21;0.021;XBB.x
XBB.1.5;2022-12-28;0.015;XBB.x
XBB.1.5;2023-01-04;0.04;XBB.x
XBB.1.5;2023-01-11;0.087;XBB.x
XBB.1.5;2023-01-18;0.135;XBB.x
XBB.1.5;2023-01-25;0.159;XBB.x
XBB.1.5;2023-02-01;0.279;XBB.x
XBB.1.5;2023-02-08;0.32;XBB.x
XBB.1.5;2023-02-15;0.383;XBB.x
XBB.1.5;2023-02-22;0.454;XBB.x
XBB.1.5;2023-03-01;0.496;XBB.x
XBB.1.5;2023-03-08;0.546;XBB.x
XBB.1.5;2023-03-15;0.564;XBB.x
XBB.1.5;2023-03-22;0.57;XBB.x
XBB.1.5;2023-03-29;0.579;XBB.x
XBB.1.5;2023-04-05;0.577;XBB.x
XBB.1.5;2023-04-12;0.505;XBB.x
XBB.1.5;2023-04-19;0.452;XBB.x
XBB.1.5;2023-04-26;0.446;XBB.x
XBB.1.5;2023-05-03;0.402;XBB.x
XBB.1.5;2023-05-10;0.376;XBB.x
XBB.1.5;2023-05-17;0.307;XBB.x
XBB.1.5;2023-05-24;0.305;XBB.x
XBB.1.5;2023-05-31;0.294;XBB.x
XBB.1.5;2023-06-07;0.168;XBB.x
XBB.1.5;2023-06-14;0.226;XBB.x
XBB.1.5;2023-06-21;0.217;XBB.x
XBB.1.5;2023-06-28;0.193;XBB.x
XBB.1.5;2023-07-05;0.147;XBB.x
XBB.1.5;2023-07-12;0.07;XBB.x
XBB.1.5;2023-07-19;0.052;XBB.x
XBB.1.5;2023-07-26;0.09;XBB.x
XBB.1.5;2023-08-02;0.143;XBB.x
XBB.1.5;2023-08-09;0.051;XBB.x
XBB.1.5;2023-08-16;0.032;XBB.x
XBB.1.5;2023-08-23;0.045;XBB.x
XBB.1.5;2023-08-30;0.124;XBB.x
XBB.1.5;2023-09-06;0.08;XBB.x
XBB.1.5;2023-09-13;0.045;XBB.x
XBB.1.5;2023-09-20;0.061;XBB.x
XBB.1.5;2023-09-27;0.057;XBB.x
XBB.1.5;2023-10-04;0.042;XBB.x
XBB.1.5;2023-10-11;0.053;XBB.x
XBB.1.5;2023-10-18;0.052;XBB.x
XBB.1.5;2023-10-25;0.065;XBB.x
XBB.1.5;2023-11-01;0.063;XBB.x
XBB.1.5;2023-11-08;0.078;XBB.x
XBB.1.5;2023-11-15;0.038;XBB.x
XBB.1.5;2023-11-22;0.049;XBB.x
XBB.1.5;2023-11-29;0.041;XBB.x
XBB.1.5;2023-12-06;0.035;XBB.x
XBB.1.5;2023-12-13;0.028;XBB.x
XBB.1.5;2023-12-20;0.008;XBB.x
XBB.1.5;2023-12-27;0.006;XBB.x
XBB.1.5;2024-01-03;0.002;XBB.x
XBB.1.5;2024-01-10;0.002;XBB.x
XBB.1.5;2024-01-17;0.001;XBB.x
XBB.1.5;2024-01-24;0.001;XBB.x
XBB.1.5;2024-01-31;0.002;XBB.x
XBB.1.5;2024-02-07;0.0;XBB.x
XBB.1.5;2024-02-14;0.0;XBB.x
XBB.1.5;2024-02-21;0.0;XBB.x
XBB.1.5;2024-02-28;0.0;XBB.x
XBB.1.16.6;2022-09-21;0.0;XBB.x
XBB.1.16.6;2022-09-28;0.0;XBB.x
XBB.1.16.6;2022-10-05;0.0;XBB.x
XBB.1.16.6;2022-10-12;0.0;XBB.x
XBB.1.16.6;2022-10-19;0.0;XBB.x
XBB.1.16.6;2022-10-26;0.0;XBB.x
XBB.1.16.6;2022-11-02;0.0;XBB.x
XBB.1.16.6;2022-11-09;0.0;XBB.x
XBB.1.16.6;2022-11-16;0.0;XBB.x
XBB.1.16.6;2022-11-23;0.0;XBB.x
XBB.1.16.6;2022-11-30;0.0;XBB.x
XBB.1.16.6;2022-12-07;0.0;XBB.x
XBB.1.16.6;2022-12-14;0.0;XBB.x
XBB.1.16.6;2022-12-21;0.0;XBB.x
XBB.1.16.6;2022-12-28;0.0;XBB.x
XBB.1.16.6;2023-01-04;0.0;XBB.x
XBB.1.16.6;2023-01-11;0.0;XBB.x
XBB.1.16.6;2023-01-18;0.0;XBB.x
XBB.1.16.6;2023-01-25;0.0;XBB.x
XBB.1.16.6;2023-02-01;0.0;XBB.x
XBB.1.16.6;2023-02-08;0.0;XBB.x
XBB.1.16.6;2023-02-15;0.0;XBB.x
XBB.1.16.6;2023-02-22;0.0;XBB.x
XBB.1.16.6;2023-03-01;0.0;XBB.x
XBB.1.16.6;2023-03-08;0.0;XBB.x
XBB.1.16.6;2023-03-15;0.0;XBB.x
XBB.1.16.6;2023-03-22;0.0;XBB.x
XBB.1.16.6;2023-03-29;0.0;XBB.x
XBB.1.16.6;2023-04-05;0.0;XBB.x
XBB.1.16.6;2023-04-12;0.0;XBB.x
XBB.1.16.6;2023-04-19;0.0;XBB.x
XBB.1.16.6;2023-04-26;0.0;XBB.x
XBB.1.16.6;2023-05-03;0.0;XBB.x
XBB.1.16.6;2023-05-10;0.0;XBB.x
XBB.1.16.6;2023-05-17;0.0;XBB.x
XBB.1.16.6;2023-05-24;0.0;XBB.x
XBB.1.16.6;2023-05-31;0.0;XBB.x
XBB.1.16.6;2023-06-07;0.0;XBB.x
XBB.1.16.6;2023-06-14;0.0;XBB.x
XBB.1.16.6;2023-06-21;0.0;XBB.x
XBB.1.16.6;2023-06-28;0.0;XBB.x
XBB.1.16.6;2023-07-05;0.0;XBB.x
XBB.1.16.6;2023-07-12;0.006;XBB.x
XBB.1.16.6;2023-07-19;0.0;XBB.x
XBB.1.16.6;2023-07-26;0.003;XBB.x
XBB.1.16.6;2023-08-02;0.005;XBB.x
XBB.1.16.6;2023-08-09;0.003;XBB.x
XBB.1.16.6;2023-08-16;0.011;XBB.x
XBB.1.16.6;2023-08-23;0.003;XBB.x
XBB.1.16.6;2023-08-30;0.034;XBB.x
XBB.1.16.6;2023-09-06;0.003;XBB.x
XBB.1.16.6;2023-09-13;0.042;XBB.x
XBB.1.16.6;2023-09-20;0.008;XBB.x
XBB.1.16.6;2023-09-27;0.007;XBB.x
XBB.1.16.6;2023-10-04;0.049;XBB.x
XBB.1.16.6;2023-10-11;0.032;XBB.x
XBB.1.16.6;2023-10-18;0.049;XBB.x
XBB.1.16.6;2023-10-25;0.035;XBB.x
XBB.1.16.6;2023-11-01;0.02;XBB.x
XBB.1.16.6;2023-11-08;0.039;XBB.x
XBB.1.16.6;2023-11-15;0.026;XBB.x
XBB.1.16.6;2023-11-22;0.021;XBB.x
XBB.1.16.6;2023-11-29;0.017;XBB.x
XBB.1.16.6;2023-12-06;0.011;XBB.x
XBB.1.16.6;2023-12-13;0.004;XBB.x
XBB.1.16.6;2023-12-20;0.001;XBB.x
XBB.1.16.6;2023-12-27;0.0;XBB.x
XBB.1.16.6;2024-01-03;0.0;XBB.x
XBB.1.16.6;2024-01-10;0.0;XBB.x
XBB.1.16.6;2024-01-17;0.0;XBB.x
XBB.1.16.6;2024-01-24;0.0;XBB.x
XBB.1.16.6;2024-01-31;0.0;XBB.x
XBB.1.16.6;2024-02-07;0.0;XBB.x
XBB.1.16.6;2024-02-14;0.0;XBB.x
XBB.1.16.6;2024-02-21;0.0;XBB.x
XBB.1.16.6;2024-02-28;0.0;XBB.x
XBB.1.16;2022-09-21;0.0;XBB.x
XBB.1.16;2022-09-28;0.0;XBB.x
XBB.1.16;2022-10-05;0.0;XBB.x
XBB.1.16;2022-10-12;0.0;XBB.x
XBB.1.16;2022-10-19;0.0;XBB.x
XBB.1.16;2022-10-26;0.0;XBB.x
XBB.1.16;2022-11-02;0.0;XBB.x
XBB.1.16;2022-11-09;0.0;XBB.x
XBB.1.16;2022-11-16;0.0;XBB.x
XBB.1.16;2022-11-23;0.0;XBB.x
XBB.1.16;2022-11-30;0.0;XBB.x
XBB.1.16;2022-12-07;0.0;XBB.x
XBB.1.16;2022-12-14;0.0;XBB.x
XBB.1.16;2022-12-21;0.0;XBB.x
XBB.1.16;2022-12-28;0.0;XBB.x
XBB.1.16;2023-01-04;0.0;XBB.x
XBB.1.16;2023-01-11;0.0;XBB.x
XBB.1.16;2023-01-18;0.0;XBB.x
XBB.1.16;2023-01-25;0.0;XBB.x
XBB.1.16;2023-02-01;0.001;XBB.x
XBB.1.16;2023-02-08;0.001;XBB.x
XBB.1.16;2023-02-15;0.001;XBB.x
XBB.1.16;2023-02-22;0.001;XBB.x
XBB.1.16;2023-03-01;0.003;XBB.x
XBB.1.16;2023-03-08;0.015;XBB.x
XBB.1.16;2023-03-15;0.013;XBB.x
XBB.1.16;2023-03-22;0.005;XBB.x
XBB.1.16;2023-03-29;0.015;XBB.x
XBB.1.16;2023-04-05;0.015;XBB.x
XBB.1.16;2023-04-12;0.051;XBB.x
XBB.1.16;2023-04-19;0.061;XBB.x
XBB.1.16;2023-04-26;0.106;XBB.x
XBB.1.16;2023-05-03;0.119;XBB.x
XBB.1.16;2023-05-10;0.117;XBB.x
XBB.1.16;2023-05-17;0.163;XBB.x
XBB.1.16;2023-05-24;0.138;XBB.x
XBB.1.16;2023-05-31;0.193;XBB.x
XBB.1.16;2023-06-07;0.254;XBB.x
XBB.1.16;2023-06-14;0.22;XBB.x
XBB.1.16;2023-06-21;0.22;XBB.x
XBB.1.16;2023-06-28;0.126;XBB.x
XBB.1.16;2023-07-05;0.198;XBB.x
XBB.1.16;2023-07-12;0.236;XBB.x
XBB.1.16;2023-07-19;0.192;XBB.x
XBB.1.16;2023-07-26;0.196;XBB.x
XBB.1.16;2023-08-02;0.188;XBB.x
XBB.1.16;2023-08-09;0.161;XBB.x
XBB.1.16;2023-08-16;0.14;XBB.x
XBB.1.16;2023-08-23;0.122;XBB.x
XBB.1.16;2023-08-30;0.079;XBB.x
XBB.1.16;2023-09-06;0.147;XBB.x
XBB.1.16;2023-09-13;0.116;XBB.x
XBB.1.16;2023-09-20;0.151;XBB.x
XBB.1.16;2023-09-27;0.123;XBB.x
XBB.1.16;2023-10-04;0.101;XBB.x
XBB.1.16;2023-10-11;0.12;XBB.x
XBB.1.16;2023-10-18;0.071;XBB.x
XBB.1.16;2023-10-25;0.089;XBB.x
XBB.1.16;2023-11-01;0.096;XBB.x
XBB.1.16;2023-11-08;0.087;XBB.x
XBB.1.16;2023-11-15;0.059;XBB.x
XBB.1.16;2023-11-22;0.016;XBB.x
XBB.1.16;2023-11-29;0.025;XBB.x
XBB.1.16;2023-12-06;0.011;XBB.x
XBB.1.16;2023-12-13;0.015;XBB.x
XBB.1.16;2023-12-20;0.021;XBB.x
XBB.1.16;2023-12-27;0.003;XBB.x
XBB.1.16;2024-01-03;0.013;XBB.x
XBB.1.16;2024-01-10;0.009;XBB.x
XBB.1.16;2024-01-17;0.001;XBB.x
XBB.1.16;2024-01-24;0.001;XBB.x
XBB.1.16;2024-01-31;0.0;XBB.x
XBB.1.16;2024-02-07;0.0;XBB.x
XBB.1.16;2024-02-14;0.0;XBB.x
XBB.1.16;2024-02-21;0.0;XBB.x
XBB.1.16;2024-02-28;0.0;XBB.x
XBB.1;2022-09-21;0.0;XBB.x
XBB.1;2022-09-28;0.0;XBB.x
XBB.1;2022-10-05;0.0;XBB.x
XBB.1;2022-10-12;0.0;XBB.x
XBB.1;2022-10-19;0.0;XBB.x
XBB.1;2022-10-26;0.0;XBB.x
XBB.1;2022-11-02;0.0;XBB.x
XBB.1;2022-11-09;0.0;XBB.x
XBB.1;2022-11-16;0.0;XBB.x
XBB.1;2022-11-23;0.0;XBB.x
XBB.1;2022-11-30;0.0;XBB.x
XBB.1;2022-12-07;0.0;XBB.x
XBB.1;2022-12-14;0.0;XBB.x
XBB.1;2022-12-21;0.0;XBB.x
XBB.1;2022-12-28;0.002;XBB.x
XBB.1;2023-01-04;0.013;XBB.x
XBB.1;2023-01-11;0.015;XBB.x
XBB.1;2023-01-18;0.015;XBB.x
XBB.1;2023-01-25;0.048;XBB.x
XBB.1;2023-02-01;0.019;XBB.x
XBB.1;2023-02-08;0.023;XBB.x
XBB.1;2023-02-15;0.062;XBB.x
XBB.1;2023-02-22;0.074;XBB.x
XBB.1;2023-03-01;0.085;XBB.x
XBB.1;2023-03-08;0.059;XBB.x
XBB.1;2023-03-15;0.09;XBB.x
XBB.1;2023-03-22;0.122;XBB.x
XBB.1;2023-03-29;0.128;XBB.x
XBB.1;2023-04-05;0.082;XBB.x
XBB.1;2023-04-12;0.118;XBB.x
XBB.1;2023-04-19;0.142;XBB.x
XBB.1;2023-04-26;0.123;XBB.x
XBB.1;2023-05-03;0.192;XBB.x
XBB.1;2023-05-10;0.179;XBB.x
XBB.1;2023-05-17;0.216;XBB.x
XBB.1;2023-05-24;0.184;XBB.x
XBB.1;2023-05-31;0.233;XBB.x
XBB.1;2023-06-07;0.222;XBB.x
XBB.1;2023-06-14;0.047;XBB.x
XBB.1;2023-06-21;0.084;XBB.x
XBB.1;2023-06-28;0.066;XBB.x
XBB.1;2023-07-05;0.045;XBB.x
XBB.1;2023-07-12;0.055;XBB.x
XBB.1;2023-07-19;0.012;XBB.x
XBB.1;2023-07-26;0.043;XBB.x
XBB.1;2023-08-02;0.009;XBB.x
XBB.1;2023-08-09;0.006;XBB.x
XBB.1;2023-08-16;0.001;XBB.x
XBB.1;2023-08-23;0.003;XBB.x
XBB.1;2023-08-30;0.002;XBB.x
XBB.1;2023-09-06;0.002;XBB.x
XBB.1;2023-09-13;0.006;XBB.x
XBB.1;2023-09-20;0.006;XBB.x
XBB.1;2023-09-27;0.007;XBB.x
XBB.1;2023-10-04;0.004;XBB.x
XBB.1;2023-10-11;0.005;XBB.x
XBB.1;2023-10-18;0.005;XBB.x
XBB.1;2023-10-25;0.002;XBB.x
XBB.1;2023-11-01;0.004;XBB.x
XBB.1;2023-11-08;0.003;XBB.x
XBB.1;2023-11-15;0.007;XBB.x
XBB.1;2023-11-22;0.001;XBB.x
XBB.1;2023-11-29;0.001;XBB.x
XBB.1;2023-12-06;0.002;XBB.x
XBB.1;2023-12-13;0.001;XBB.x
XBB.1;2023-12-20;0.0;XBB.x
XBB.1;2023-12-27;0.001;XBB.x
XBB.1;2024-01-03;0.001;XBB.x
XBB.1;2024-01-10;0.003;XBB.x
XBB.1;2024-01-17;0.005;XBB.x
XBB.1;2024-01-24;0.004;XBB.x
XBB.1;2024-01-31;0.003;XBB.x
XBB.1;2024-02-07;0.002;XBB.x
XBB.1;2024-02-14;0.0;XBB.x
XBB.1;2024-02-21;0.0;XBB.x
XBB.1;2024-02-28;0.0;XBB.x
XBB;2022-09-21;0.0;XBB.x
XBB;2022-09-28;0.002;XBB.x
XBB;2022-10-05;0.0;XBB.x
XBB;2022-10-12;0.001;XBB.x
XBB;2022-10-19;0.003;XBB.x
XBB;2022-10-26;0.005;XBB.x
XBB;2022-11-02;0.006;XBB.x
XBB;2022-11-09;0.006;XBB.x
XBB;2022-11-16;0.0;XBB.x
XBB;2022-11-23;0.002;XBB.x
XBB;2022-11-30;0.003;XBB.x
XBB;2022-12-07;0.02;XBB.x
XBB;2022-12-14;0.002;XBB.x
XBB;2022-12-21;0.015;XBB.x
XBB;2022-12-28;0.004;XBB.x
XBB;2023-01-04;0.008;XBB.x
XBB;2023-01-11;0.062;XBB.x
XBB;2023-01-18;0.034;XBB.x
XBB;2023-01-25;0.018;XBB.x
XBB;2023-02-01;0.011;XBB.x
XBB;2023-02-08;0.044;XBB.x
XBB;2023-02-15;0.058;XBB.x
XBB;2023-02-22;0.025;XBB.x
XBB;2023-03-01;0.023;XBB.x
XBB;2023-03-08;0.013;XBB.x
XBB;2023-03-15;0.019;XBB.x
XBB;2023-03-22;0.035;XBB.x
XBB;2023-03-29;0.033;XBB.x
XBB;2023-04-05;0.022;XBB.x
XBB;2023-04-12;0.026;XBB.x
XBB;2023-04-19;0.021;XBB.x
XBB;2023-04-26;0.042;XBB.x
XBB;2023-05-03;0.054;XBB.x
XBB;2023-05-10;0.058;XBB.x
XBB;2023-05-17;0.059;XBB.x
XBB;2023-05-24;0.066;XBB.x
XBB;2023-05-31;0.039;XBB.x
XBB;2023-06-07;0.059;XBB.x
XBB;2023-06-14;0.037;XBB.x
XBB;2023-06-21;0.093;XBB.x
XBB;2023-06-28;0.025;XBB.x
XBB;2023-07-05;0.021;XBB.x
XBB;2023-07-12;0.032;XBB.x
XBB;2023-07-19;0.097;XBB.x
XBB;2023-07-26;0.022;XBB.x
XBB;2023-08-02;0.058;XBB.x
XBB;2023-08-09;0.029;XBB.x
XBB;2023-08-16;0.038;XBB.x
XBB;2023-08-23;0.056;XBB.x
XBB;2023-08-30;0.047;XBB.x
XBB;2023-09-06;0.051;XBB.x
XBB;2023-09-13;0.106;XBB.x
XBB;2023-09-20;0.053;XBB.x
XBB;2023-09-27;0.078;XBB.x
XBB;2023-10-04;0.086;XBB.x
XBB;2023-10-11;0.093;XBB.x
XBB;2023-10-18;0.099;XBB.x
XBB;2023-10-25;0.094;XBB.x
XBB;2023-11-01;0.1;XBB.x
XBB;2023-11-08;0.062;XBB.x
XBB;2023-11-15;0.031;XBB.x
XBB;2023-11-22;0.039;XBB.x
XBB;2023-11-29;0.063;XBB.x
XBB;2023-12-06;0.047;XBB.x
XBB;2023-12-13;0.017;XBB.x
XBB;2023-12-20;0.006;XBB.x
XBB;2023-12-27;0.007;XBB.x
XBB;2024-01-03;0.005;XBB.x
XBB;2024-01-10;0.003;XBB.x
XBB;2024-01-17;0.007;XBB.x
XBB;2024-01-24;0.011;XBB.x
XBB;2024-01-31;0.002;XBB.x
XBB;2024-02-07;0.0;XBB.x
XBB;2024-02-14;0.0;XBB.x
XBB;2024-02-21;0.0;XBB.x
XBB;2024-02-28;0.0;XBB.x
HV.1;2022-09-21;0.0;XBB.x
HV.1;2022-09-28;0.0;XBB.x
HV.1;2022-10-05;0.0;XBB.x
HV.1;2022-10-12;0.0;XBB.x
HV.1;2022-10-19;0.0;XBB.x
HV.1;2022-10-26;0.0;XBB.x
HV.1;2022-11-02;0.0;XBB.x
HV.1;2022-11-09;0.0;XBB.x
HV.1;2022-11-16;0.0;XBB.x
HV.1;2022-11-23;0.0;XBB.x
HV.1;2022-11-30;0.0;XBB.x
HV.1;2022-12-07;0.0;XBB.x
HV.1;2022-12-14;0.0;XBB.x
HV.1;2022-12-21;0.003;XBB.x
HV.1;2022-12-28;0.0;XBB.x
HV.1;2023-01-04;0.0;XBB.x
HV.1;2023-01-11;0.002;XBB.x
HV.1;2023-01-18;0.0;XBB.x
HV.1;2023-01-25;0.0;XBB.x
HV.1;2023-02-01;0.001;XBB.x
HV.1;2023-02-08;0.0;XBB.x
HV.1;2023-02-15;0.0;XBB.x
HV.1;2023-02-22;0.0;XBB.x
HV.1;2023-03-01;0.0;XBB.x
HV.1;2023-03-08;0.001;XBB.x
HV.1;2023-03-15;0.0;XBB.x
HV.1;2023-03-22;0.001;XBB.x
HV.1;2023-03-29;0.001;XBB.x
HV.1;2023-04-05;0.0;XBB.x
HV.1;2023-04-12;0.002;XBB.x
HV.1;2023-04-19;0.005;XBB.x
HV.1;2023-04-26;0.011;XBB.x
HV.1;2023-05-03;0.006;XBB.x
HV.1;2023-05-10;0.001;XBB.x
HV.1;2023-05-17;0.0;XBB.x
HV.1;2023-05-24;0.001;XBB.x
HV.1;2023-05-31;0.0;XBB.x
HV.1;2023-06-07;0.0;XBB.x
HV.1;2023-06-14;0.037;XBB.x
HV.1;2023-06-21;0.0;XBB.x
HV.1;2023-06-28;0.0;XBB.x
HV.1;2023-07-05;0.0;XBB.x
HV.1;2023-07-12;0.012;XBB.x
HV.1;2023-07-19;0.012;XBB.x
HV.1;2023-07-26;0.0;XBB.x
HV.1;2023-08-02;0.065;XBB.x
HV.1;2023-08-09;0.04;XBB.x
HV.1;2023-08-16;0.007;XBB.x
HV.1;2023-08-23;0.012;XBB.x
HV.1;2023-08-30;0.028;XBB.x
HV.1;2023-09-06;0.039;XBB.x
HV.1;2023-09-13;0.066;XBB.x
HV.1;2023-09-20;0.076;XBB.x
HV.1;2023-09-27;0.059;XBB.x
HV.1;2023-10-04;0.089;XBB.x
HV.1;2023-10-11;0.088;XBB.x
HV.1;2023-10-18;0.085;XBB.x
HV.1;2023-10-25;0.115;XBB.x
HV.1;2023-11-01;0.109;XBB.x
HV.1;2023-11-08;0.109;XBB.x
HV.1;2023-11-15;0.088;XBB.x
HV.1;2023-11-22;0.112;XBB.x
HV.1;2023-11-29;0.093;XBB.x
HV.1;2023-12-06;0.074;XBB.x
HV.1;2023-12-13;0.07;XBB.x
HV.1;2023-12-20;0.043;XBB.x
HV.1;2023-12-27;0.038;XBB.x
HV.1;2024-01-03;0.038;XBB.x
HV.1;2024-01-10;0.012;XBB.x
HV.1;2024-01-17;0.006;XBB.x
HV.1;2024-01-24;0.014;XBB.x
HV.1;2024-01-31;0.0;XBB.x
HV.1;2024-02-07;0.001;XBB.x
HV.1;2024-02-14;0.0;XBB.x
HV.1;2024-02-21;0.001;XBB.x
HV.1;2024-02-28;0.0;XBB.x
HK.3;2022-09-21;0.0;XBB.x
HK.3;2022-09-28;0.0;XBB.x
HK.3;2022-10-05;0.0;XBB.x
HK.3;2022-10-12;0.0;XBB.x
HK.3;2022-10-19;0.0;XBB.x
HK.3;2022-10-26;0.0;XBB.x
HK.3;2022-11-02;0.0;XBB.x
HK.3;2022-11-09;0.0;XBB.x
HK.3;2022-11-16;0.0;XBB.x
HK.3;2022-11-23;0.0;XBB.x
HK.3;2022-11-30;0.0;XBB.x
HK.3;2022-12-07;0.0;XBB.x
HK.3;2022-12-14;0.0;XBB.x
HK.3;2022-12-21;0.0;XBB.x
HK.3;2022-12-28;0.0;XBB.x
HK.3;2023-01-04;0.0;XBB.x
HK.3;2023-01-11;0.0;XBB.x
HK.3;2023-01-18;0.0;XBB.x
HK.3;2023-01-25;0.0;XBB.x
HK.3;2023-02-01;0.003;XBB.x
HK.3;2023-02-08;0.001;XBB.x
HK.3;2023-02-15;0.001;XBB.x
HK.3;2023-02-22;0.002;XBB.x
HK.3;2023-03-01;0.004;XBB.x
HK.3;2023-03-08;0.003;XBB.x
HK.3;2023-03-15;0.001;XBB.x
HK.3;2023-03-22;0.0;XBB.x
HK.3;2023-03-29;0.001;XBB.x
HK.3;2023-04-05;0.004;XBB.x
HK.3;2023-04-12;0.005;XBB.x
HK.3;2023-04-19;0.005;XBB.x
HK.3;2023-04-26;0.002;XBB.x
HK.3;2023-05-03;0.0;XBB.x
HK.3;2023-05-10;0.002;XBB.x
HK.3;2023-05-17;0.007;XBB.x
HK.3;2023-05-24;0.003;XBB.x
HK.3;2023-05-31;0.006;XBB.x
HK.3;2023-06-07;0.014;XBB.x
HK.3;2023-06-14;0.008;XBB.x
HK.3;2023-06-21;0.028;XBB.x
HK.3;2023-06-28;0.096;XBB.x
HK.3;2023-07-05;0.096;XBB.x
HK.3;2023-07-12;0.162;XBB.x
HK.3;2023-07-19;0.113;XBB.x
HK.3;2023-07-26;0.023;XBB.x
HK.3;2023-08-02;0.067;XBB.x
HK.3;2023-08-09;0.25;XBB.x
HK.3;2023-08-16;0.254;XBB.x
HK.3;2023-08-23;0.232;XBB.x
HK.3;2023-08-30;0.253;XBB.x
HK.3;2023-09-06;0.283;XBB.x
HK.3;2023-09-13;0.212;XBB.x
HK.3;2023-09-20;0.207;XBB.x
HK.3;2023-09-27;0.213;XBB.x
HK.3;2023-10-04;0.196;XBB.x
HK.3;2023-10-11;0.179;XBB.x
HK.3;2023-10-18;0.209;XBB.x
HK.3;2023-10-25;0.214;XBB.x
HK.3;2023-11-01;0.23;XBB.x
HK.3;2023-11-08;0.173;XBB.x
HK.3;2023-11-15;0.178;XBB.x
HK.3;2023-11-22;0.138;XBB.x
HK.3;2023-11-29;0.113;XBB.x
HK.3;2023-12-06;0.086;XBB.x
HK.3;2023-12-13;0.067;XBB.x
HK.3;2023-12-20;0.058;XBB.x
HK.3;2023-12-27;0.025;XBB.x
HK.3;2024-01-03;0.02;XBB.x
HK.3;2024-01-10;0.011;XBB.x
HK.3;2024-01-17;0.01;XBB.x
HK.3;2024-01-24;0.006;XBB.x
HK.3;2024-01-31;0.004;XBB.x
HK.3;2024-02-07;0.002;XBB.x
HK.3;2024-02-14;0.0;XBB.x
HK.3;2024-02-21;0.0;XBB.x
HK.3;2024-02-28;0.0;XBB.x
FL.1.5.1;2022-09-21;0.0;XBB.x
FL.1.5.1;2022-09-28;0.0;XBB.x
FL.1.5.1;2022-10-05;0.0;XBB.x
FL.1.5.1;2022-10-12;0.0;XBB.x
FL.1.5.1;2022-10-19;0.0;XBB.x
FL.1.5.1;2022-10-26;0.0;XBB.x
FL.1.5.1;2022-11-02;0.0;XBB.x
FL.1.5.1;2022-11-09;0.0;XBB.x
FL.1.5.1;2022-11-16;0.0;XBB.x
FL.1.5.1;2022-11-23;0.0;XBB.x
FL.1.5.1;2022-11-30;0.0;XBB.x
FL.1.5.1;2022-12-07;0.0;XBB.x
FL.1.5.1;2022-12-14;0.0;XBB.x
FL.1.5.1;2022-12-21;0.0;XBB.x
FL.1.5.1;2022-12-28;0.0;XBB.x
FL.1.5.1;2023-01-04;0.0;XBB.x
FL.1.5.1;2023-01-11;0.0;XBB.x
FL.1.5.1;2023-01-18;0.0;XBB.x
FL.1.5.1;2023-01-25;0.0;XBB.x
FL.1.5.1;2023-02-01;0.001;XBB.x
FL.1.5.1;2023-02-08;0.007;XBB.x
FL.1.5.1;2023-02-15;0.0;XBB.x
FL.1.5.1;2023-02-22;0.0;XBB.x
FL.1.5.1;2023-03-01;0.0;XBB.x
FL.1.5.1;2023-03-08;0.0;XBB.x
FL.1.5.1;2023-03-15;0.004;XBB.x
FL.1.5.1;2023-03-22;0.0;XBB.x
FL.1.5.1;2023-03-29;0.0;XBB.x
FL.1.5.1;2023-04-05;0.0;XBB.x
FL.1.5.1;2023-04-12;0.0;XBB.x
FL.1.5.1;2023-04-19;0.004;XBB.x
FL.1.5.1;2023-04-26;0.0;XBB.x
FL.1.5.1;2023-05-03;0.0;XBB.x
FL.1.5.1;2023-05-10;0.0;XBB.x
FL.1.5.1;2023-05-17;0.0;XBB.x
FL.1.5.1;2023-05-24;0.0;XBB.x
FL.1.5.1;2023-05-31;0.0;XBB.x
FL.1.5.1;2023-06-07;0.0;XBB.x
FL.1.5.1;2023-06-14;0.0;XBB.x
FL.1.5.1;2023-06-21;0.0;XBB.x
FL.1.5.1;2023-06-28;0.0;XBB.x
FL.1.5.1;2023-07-05;0.004;XBB.x
FL.1.5.1;2023-07-12;0.003;XBB.x
FL.1.5.1;2023-07-19;0.0;XBB.x
FL.1.5.1;2023-07-26;0.001;XBB.x
FL.1.5.1;2023-08-02;0.0;XBB.x
FL.1.5.1;2023-08-09;0.0;XBB.x
FL.1.5.1;2023-08-16;0.009;XBB.x
FL.1.5.1;2023-08-23;0.018;XBB.x
FL.1.5.1;2023-08-30;0.0;XBB.x
FL.1.5.1;2023-09-06;0.006;XBB.x
FL.1.5.1;2023-09-13;0.009;XBB.x
FL.1.5.1;2023-09-20;0.03;XBB.x
FL.1.5.1;2023-09-27;0.022;XBB.x
FL.1.5.1;2023-10-04;0.023;XBB.x
FL.1.5.1;2023-10-11;0.054;XBB.x
FL.1.5.1;2023-10-18;0.053;XBB.x
FL.1.5.1;2023-10-25;0.052;XBB.x
FL.1.5.1;2023-11-01;0.024;XBB.x
FL.1.5.1;2023-11-08;0.022;XBB.x
FL.1.5.1;2023-11-15;0.028;XBB.x
FL.1.5.1;2023-11-22;0.016;XBB.x
FL.1.5.1;2023-11-29;0.01;XBB.x
FL.1.5.1;2023-12-06;0.01;XBB.x
FL.1.5.1;2023-12-13;0.007;XBB.x
FL.1.5.1;2023-12-20;0.009;XBB.x
FL.1.5.1;2023-12-27;0.001;XBB.x
FL.1.5.1;2024-01-03;0.0;XBB.x
FL.1.5.1;2024-01-10;0.001;XBB.x
FL.1.5.1;2024-01-17;0.0;XBB.x
FL.1.5.1;2024-01-24;0.0;XBB.x
FL.1.5.1;2024-01-31;0.0;XBB.x
FL.1.5.1;2024-02-07;0.0;XBB.x
FL.1.5.1;2024-02-14;0.0;XBB.x
FL.1.5.1;2024-02-21;0.0;XBB.x
FL.1.5.1;2024-02-28;0.0;XBB.x
FL.1.5;2022-09-21;0.0;XBB.x
FL.1.5;2022-09-28;0.0;XBB.x
FL.1.5;2022-10-05;0.0;XBB.x
FL.1.5;2022-10-12;0.0;XBB.x
FL.1.5;2022-10-19;0.0;XBB.x
FL.1.5;2022-10-26;0.0;XBB.x
FL.1.5;2022-11-02;0.0;XBB.x
FL.1.5;2022-11-09;0.0;XBB.x
FL.1.5;2022-11-16;0.0;XBB.x
FL.1.5;2022-11-23;0.0;XBB.x
FL.1.5;2022-11-30;0.0;XBB.x
FL.1.5;2022-12-07;0.0;XBB.x
FL.1.5;2022-12-14;0.0;XBB.x
FL.1.5;2022-12-21;0.0;XBB.x
FL.1.5;2022-12-28;0.0;XBB.x
FL.1.5;2023-01-04;0.001;XBB.x
FL.1.5;2023-01-11;0.0;XBB.x
FL.1.5;2023-01-18;0.0;XBB.x
FL.1.5;2023-01-25;0.0;XBB.x
FL.1.5;2023-02-01;0.015;XBB.x
FL.1.5;2023-02-08;0.009;XBB.x
FL.1.5;2023-02-15;0.013;XBB.x
FL.1.5;2023-02-22;0.015;XBB.x
FL.1.5;2023-03-01;0.017;XBB.x
FL.1.5;2023-03-08;0.022;XBB.x
FL.1.5;2023-03-15;0.019;XBB.x
FL.1.5;2023-03-22;0.012;XBB.x
FL.1.5;2023-03-29;0.01;XBB.x
FL.1.5;2023-04-05;0.034;XBB.x
FL.1.5;2023-04-12;0.034;XBB.x
FL.1.5;2023-04-19;0.025;XBB.x
FL.1.5;2023-04-26;0.027;XBB.x
FL.1.5;2023-05-03;0.028;XBB.x
FL.1.5;2023-05-10;0.041;XBB.x
FL.1.5;2023-05-17;0.058;XBB.x
FL.1.5;2023-05-24;0.068;XBB.x
FL.1.5;2023-05-31;0.018;XBB.x
FL.1.5;2023-06-07;0.024;XBB.x
FL.1.5;2023-06-14;0.088;XBB.x
FL.1.5;2023-06-21;0.122;XBB.x
FL.1.5;2023-06-28;0.134;XBB.x
FL.1.5;2023-07-05;0.103;XBB.x
FL.1.5;2023-07-12;0.087;XBB.x
FL.1.5;2023-07-19;0.14;XBB.x
FL.1.5;2023-07-26;0.124;XBB.x
FL.1.5;2023-08-02;0.13;XBB.x
FL.1.5;2023-08-09;0.096;XBB.x
FL.1.5;2023-08-16;0.091;XBB.x
FL.1.5;2023-08-23;0.112;XBB.x
FL.1.5;2023-08-30;0.122;XBB.x
FL.1.5;2023-09-06;0.095;XBB.x
FL.1.5;2023-09-13;0.114;XBB.x
FL.1.5;2023-09-20;0.072;XBB.x
FL.1.5;2023-09-27;0.074;XBB.x
FL.1.5;2023-10-04;0.064;XBB.x
FL.1.5;2023-10-11;0.027;XBB.x
FL.1.5;2023-10-18;0.03;XBB.x
FL.1.5;2023-10-25;0.027;XBB.x
FL.1.5;2023-11-01;0.031;XBB.x
FL.1.5;2023-11-08;0.025;XBB.x
FL.1.5;2023-11-15;0.018;XBB.x
FL.1.5;2023-11-22;0.029;XBB.x
FL.1.5;2023-11-29;0.006;XBB.x
FL.1.5;2023-12-06;0.009;XBB.x
FL.1.5;2023-12-13;0.006;XBB.x
FL.1.5;2023-12-20;0.005;XBB.x
FL.1.5;2023-12-27;0.008;XBB.x
FL.1.5;2024-01-03;0.002;XBB.x
FL.1.5;2024-01-10;0.002;XBB.x
FL.1.5;2024-01-17;0.002;XBB.x
FL.1.5;2024-01-24;0.016;XBB.x
FL.1.5;2024-01-31;0.014;XBB.x
FL.1.5;2024-02-07;0.0;XBB.x
FL.1.5;2024-02-14;0.0;XBB.x
FL.1.5;2024-02-21;0.0;XBB.x
FL.1.5;2024-02-28;0.0;XBB.x
FE.1;2022-09-21;0.0;XBB.x
FE.1;2022-09-28;0.0;XBB.x
FE.1;2022-10-05;0.0;XBB.x
FE.1;2022-10-12;0.0;XBB.x
FE.1;2022-10-19;0.0;XBB.x
FE.1;2022-10-26;0.0;XBB.x
FE.1;2022-11-02;0.0;XBB.x
FE.1;2022-11-09;0.0;XBB.x
FE.1;2022-11-16;0.0;XBB.x
FE.1;2022-11-23;0.0;XBB.x
FE.1;2022-11-30;0.0;XBB.x
FE.1;2022-12-07;0.0;XBB.x
FE.1;2022-12-14;0.0;XBB.x
FE.1;2022-12-21;0.0;XBB.x
FE.1;2022-12-28;0.0;XBB.x
FE.1;2023-01-04;0.0;XBB.x
FE.1;2023-01-11;0.0;XBB.x
FE.1;2023-01-18;0.0;XBB.x
FE.1;2023-01-25;0.0;XBB.x
FE.1;2023-02-01;0.0;XBB.x
FE.1;2023-02-08;0.0;XBB.x
FE.1;2023-02-15;0.0;XBB.x
FE.1;2023-02-22;0.0;XBB.x
FE.1;2023-03-01;0.0;XBB.x
FE.1;2023-03-08;0.0;XBB.x
FE.1;2023-03-15;0.0;XBB.x
FE.1;2023-03-22;0.0;XBB.x
FE.1;2023-03-29;0.0;XBB.x
FE.1;2023-04-05;0.005;XBB.x
FE.1;2023-04-12;0.0;XBB.x
FE.1;2023-04-19;0.0;XBB.x
FE.1;2023-04-26;0.0;XBB.x
FE.1;2023-05-03;0.005;XBB.x
FE.1;2023-05-10;0.002;XBB.x
FE.1;2023-05-17;0.0;XBB.x
FE.1;2023-05-24;0.0;XBB.x
FE.1;2023-05-31;0.002;XBB.x
FE.1;2023-06-07;0.072;XBB.x
FE.1;2023-06-14;0.064;XBB.x
FE.1;2023-06-21;0.021;XBB.x
FE.1;2023-06-28;0.029;XBB.x
FE.1;2023-07-05;0.034;XBB.x
FE.1;2023-07-12;0.0;XBB.x
FE.1;2023-07-19;0.0;XBB.x
FE.1;2023-07-26;0.0;XBB.x
FE.1;2023-08-02;0.0;XBB.x
FE.1;2023-08-09;0.0;XBB.x
FE.1;2023-08-16;0.0;XBB.x
FE.1;2023-08-23;0.0;XBB.x
FE.1;2023-08-30;0.002;XBB.x
FE.1;2023-09-06;0.001;XBB.x
FE.1;2023-09-13;0.001;XBB.x
FE.1;2023-09-20;0.0;XBB.x
FE.1;2023-09-27;0.0;XBB.x
FE.1;2023-10-04;0.0;XBB.x
FE.1;2023-10-11;0.0;XBB.x
FE.1;2023-10-18;0.0;XBB.x
FE.1;2023-10-25;0.0;XBB.x
FE.1;2023-11-01;0.0;XBB.x
FE.1;2023-11-08;0.0;XBB.x
FE.1;2023-11-15;0.0;XBB.x
FE.1;2023-11-22;0.0;XBB.x
FE.1;2023-11-29;0.0;XBB.x
FE.1;2023-12-06;0.0;XBB.x
FE.1;2023-12-13;0.0;XBB.x
FE.1;2023-12-20;0.0;XBB.x
FE.1;2023-12-27;0.0;XBB.x
FE.1;2024-01-03;0.0;XBB.x
FE.1;2024-01-10;0.0;XBB.x
FE.1;2024-01-17;0.0;XBB.x
FE.1;2024-01-24;0.0;XBB.x
FE.1;2024-01-31;0.0;XBB.x
FE.1;2024-02-07;0.0;XBB.x
FE.1;2024-02-14;0.0;XBB.x
FE.1;2024-02-21;0.0;XBB.x
FE.1;2024-02-28;0.0;XBB.x
EG.5.1;2022-09-21;0.0;XBB.x
EG.5.1;2022-09-28;0.0;XBB.x
EG.5.1;2022-10-05;0.0;XBB.x
EG.5.1;2022-10-12;0.0;XBB.x
EG.5.1;2022-10-19;0.0;XBB.x
EG.5.1;2022-10-26;0.0;XBB.x
EG.5.1;2022-11-02;0.001;XBB.x
EG.5.1;2022-11-09;0.0;XBB.x
EG.5.1;2022-11-16;0.0;XBB.x
EG.5.1;2022-11-23;0.0;XBB.x
EG.5.1;2022-11-30;0.002;XBB.x
EG.5.1;2022-12-07;0.003;XBB.x
EG.5.1;2022-12-14;0.011;XBB.x
EG.5.1;2022-12-21;0.001;XBB.x
EG.5.1;2022-12-28;0.0;XBB.x
EG.5.1;2023-01-04;0.0;XBB.x
EG.5.1;2023-01-11;0.0;XBB.x
EG.5.1;2023-01-18;0.0;XBB.x
EG.5.1;2023-01-25;0.001;XBB.x
EG.5.1;2023-02-01;0.011;XBB.x
EG.5.1;2023-02-08;0.011;XBB.x
EG.5.1;2023-02-15;0.001;XBB.x
EG.5.1;2023-02-22;0.002;XBB.x
EG.5.1;2023-03-01;0.002;XBB.x
EG.5.1;2023-03-08;0.005;XBB.x
EG.5.1;2023-03-15;0.005;XBB.x
EG.5.1;2023-03-22;0.003;XBB.x
EG.5.1;2023-03-29;0.002;XBB.x
EG.5.1;2023-04-05;0.003;XBB.x
EG.5.1;2023-04-12;0.005;XBB.x
EG.5.1;2023-04-19;0.023;XBB.x
EG.5.1;2023-04-26;0.016;XBB.x
EG.5.1;2023-05-03;0.004;XBB.x
EG.5.1;2023-05-10;0.035;XBB.x
EG.5.1;2023-05-17;0.052;XBB.x
EG.5.1;2023-05-24;0.038;XBB.x
EG.5.1;2023-05-31;0.041;XBB.x
EG.5.1;2023-06-07;0.053;XBB.x
EG.5.1;2023-06-14;0.055;XBB.x
EG.5.1;2023-06-21;0.055;XBB.x
EG.5.1;2023-06-28;0.016;XBB.x
EG.5.1;2023-07-05;0.039;XBB.x
EG.5.1;2023-07-12;0.042;XBB.x
EG.5.1;2023-07-19;0.197;XBB.x
EG.5.1;2023-07-26;0.283;XBB.x
EG.5.1;2023-08-02;0.213;XBB.x
EG.5.1;2023-08-09;0.162;XBB.x
EG.5.1;2023-08-16;0.188;XBB.x
EG.5.1;2023-08-23;0.18;XBB.x
EG.5.1;2023-08-30;0.132;XBB.x
EG.5.1;2023-09-06;0.135;XBB.x
EG.5.1;2023-09-13;0.154;XBB.x
EG.5.1;2023-09-20;0.159;XBB.x
EG.5.1;2023-09-27;0.167;XBB.x
EG.5.1;2023-10-04;0.118;XBB.x
EG.5.1;2023-10-11;0.173;XBB.x
EG.5.1;2023-10-18;0.136;XBB.x
EG.5.1;2023-10-25;0.147;XBB.x
EG.5.1;2023-11-01;0.118;XBB.x
EG.5.1;2023-11-08;0.157;XBB.x
EG.5.1;2023-11-15;0.142;XBB.x
EG.5.1;2023-11-22;0.125;XBB.x
EG.5.1;2023-11-29;0.106;XBB.x
EG.5.1;2023-12-06;0.059;XBB.x
EG.5.1;2023-12-13;0.037;XBB.x
EG.5.1;2023-12-20;0.009;XBB.x
EG.5.1;2023-12-27;0.016;XBB.x
EG.5.1;2024-01-03;0.011;XBB.x
EG.5.1;2024-01-10;0.015;XBB.x
EG.5.1;2024-01-17;0.01;XBB.x
EG.5.1;2024-01-24;0.005;XBB.x
EG.5.1;2024-01-31;0.003;XBB.x
EG.5.1;2024-02-07;0.001;XBB.x
EG.5.1;2024-02-14;0.0;XBB.x
EG.5.1;2024-02-21;0.0;XBB.x
EG.5.1;2024-02-28;0.0;XBB.x
EG.5;2022-09-21;0.0;XBB.x
EG.5;2022-09-28;0.0;XBB.x
EG.5;2022-10-05;0.0;XBB.x
EG.5;2022-10-12;0.001;XBB.x
EG.5;2022-10-19;0.0;XBB.x
EG.5;2022-10-26;0.006;XBB.x
EG.5;2022-11-02;0.001;XBB.x
EG.5;2022-11-09;0.0;XBB.x
EG.5;2022-11-16;0.0;XBB.x
EG.5;2022-11-23;0.0;XBB.x
EG.5;2022-11-30;0.001;XBB.x
EG.5;2022-12-07;0.0;XBB.x
EG.5;2022-12-14;0.006;XBB.x
EG.5;2022-12-21;0.0;XBB.x
EG.5;2022-12-28;0.0;XBB.x
EG.5;2023-01-04;0.0;XBB.x
EG.5;2023-01-11;0.0;XBB.x
EG.5;2023-01-18;0.0;XBB.x
EG.5;2023-01-25;0.0;XBB.x
EG.5;2023-02-01;0.004;XBB.x
EG.5;2023-02-08;0.004;XBB.x
EG.5;2023-02-15;0.0;XBB.x
EG.5;2023-02-22;0.001;XBB.x
EG.5;2023-03-01;0.001;XBB.x
EG.5;2023-03-08;0.004;XBB.x
EG.5;2023-03-15;0.002;XBB.x
EG.5;2023-03-22;0.002;XBB.x
EG.5;2023-03-29;0.001;XBB.x
EG.5;2023-04-05;0.001;XBB.x
EG.5;2023-04-12;0.002;XBB.x
EG.5;2023-04-19;0.019;XBB.x
EG.5;2023-04-26;0.006;XBB.x
EG.5;2023-05-03;0.002;XBB.x
EG.5;2023-05-10;0.008;XBB.x
EG.5;2023-05-17;0.0;XBB.x
EG.5;2023-05-24;0.002;XBB.x
EG.5;2023-05-31;0.033;XBB.x
EG.5;2023-06-07;0.032;XBB.x
EG.5;2023-06-14;0.025;XBB.x
EG.5;2023-06-21;0.048;XBB.x
EG.5;2023-06-28;0.048;XBB.x
EG.5;2023-07-05;0.002;XBB.x
EG.5;2023-07-12;0.031;XBB.x
EG.5;2023-07-19;0.01;XBB.x
EG.5;2023-07-26;0.032;XBB.x
EG.5;2023-08-02;0.04;XBB.x
EG.5;2023-08-09;0.025;XBB.x
EG.5;2023-08-16;0.084;XBB.x
EG.5;2023-08-23;0.062;XBB.x
EG.5;2023-08-30;0.027;XBB.x
EG.5;2023-09-06;0.03;XBB.x
EG.5;2023-09-13;0.024;XBB.x
EG.5;2023-09-20;0.016;XBB.x
EG.5;2023-09-27;0.05;XBB.x
EG.5;2023-10-04;0.023;XBB.x
EG.5;2023-10-11;0.015;XBB.x
EG.5;2023-10-18;0.017;XBB.x
EG.5;2023-10-25;0.008;XBB.x
EG.5;2023-11-01;0.033;XBB.x
EG.5;2023-11-08;0.01;XBB.x
EG.5;2023-11-15;0.021;XBB.x
EG.5;2023-11-22;0.016;XBB.x
EG.5;2023-11-29;0.015;XBB.x
EG.5;2023-12-06;0.013;XBB.x
EG.5;2023-12-13;0.004;XBB.x
EG.5;2023-12-20;0.006;XBB.x
EG.5;2023-12-27;0.018;XBB.x
EG.5;2024-01-03;0.014;XBB.x
EG.5;2024-01-10;0.01;XBB.x
EG.5;2024-01-17;0.006;XBB.x
EG.5;2024-01-24;0.008;XBB.x
EG.5;2024-01-31;0.0;XBB.x
EG.5;2024-02-07;0.005;XBB.x
EG.5;2024-02-14;0.0;XBB.x
EG.5;2024-02-21;0.0;XBB.x
EG.5;2024-02-28;0.0;XBB.x
EG.10;2022-09-21;0.0;XBB.x
EG.10;2022-09-28;0.0;XBB.x
EG.10;2022-10-05;0.0;XBB.x
EG.10;2022-10-12;0.0;XBB.x
EG.10;2022-10-19;0.0;XBB.x
EG.10;2022-10-26;0.0;XBB.x
EG.10;2022-11-02;0.0;XBB.x
EG.10;2022-11-09;0.0;XBB.x
EG.10;2022-11-16;0.0;XBB.x
EG.10;2022-11-23;0.0;XBB.x
EG.10;2022-11-30;0.0;XBB.x
EG.10;2022-12-07;0.0;XBB.x
EG.10;2022-12-14;0.0;XBB.x
EG.10;2022-12-21;0.0;XBB.x
EG.10;2022-12-28;0.0;XBB.x
EG.10;2023-01-04;0.0;XBB.x
EG.10;2023-01-11;0.0;XBB.x
EG.10;2023-01-18;0.0;XBB.x
EG.10;2023-01-25;0.0;XBB.x
EG.10;2023-02-01;0.0;XBB.x
EG.10;2023-02-08;0.0;XBB.x
EG.10;2023-02-15;0.0;XBB.x
EG.10;2023-02-22;0.0;XBB.x
EG.10;2023-03-01;0.0;XBB.x
EG.10;2023-03-08;0.0;XBB.x
EG.10;2023-03-15;0.0;XBB.x
EG.10;2023-03-22;0.0;XBB.x
EG.10;2023-03-29;0.0;XBB.x
EG.10;2023-04-05;0.0;XBB.x
EG.10;2023-04-12;0.0;XBB.x
EG.10;2023-04-19;0.0;XBB.x
EG.10;2023-04-26;0.0;XBB.x
EG.10;2023-05-03;0.0;XBB.x
EG.10;2023-05-10;0.0;XBB.x
EG.10;2023-05-17;0.0;XBB.x
EG.10;2023-05-24;0.0;XBB.x
EG.10;2023-05-31;0.0;XBB.x
EG.10;2023-06-07;0.0;XBB.x
EG.10;2023-06-14;0.0;XBB.x
EG.10;2023-06-21;0.0;XBB.x
EG.10;2023-06-28;0.0;XBB.x
EG.10;2023-07-05;0.0;XBB.x
EG.10;2023-07-12;0.0;XBB.x
EG.10;2023-07-19;0.006;XBB.x
EG.10;2023-07-26;0.003;XBB.x
EG.10;2023-08-02;0.0;XBB.x
EG.10;2023-08-09;0.006;XBB.x
EG.10;2023-08-16;0.033;XBB.x
EG.10;2023-08-23;0.028;XBB.x
EG.10;2023-08-30;0.032;XBB.x
EG.10;2023-09-06;0.006;XBB.x
EG.10;2023-09-13;0.01;XBB.x
EG.10;2023-09-20;0.02;XBB.x
EG.10;2023-09-27;0.036;XBB.x
EG.10;2023-10-04;0.012;XBB.x
EG.10;2023-10-11;0.008;XBB.x
EG.10;2023-10-18;0.002;XBB.x
EG.10;2023-10-25;0.002;XBB.x
EG.10;2023-11-01;0.007;XBB.x
EG.10;2023-11-08;0.001;XBB.x
EG.10;2023-11-15;0.0;XBB.x
EG.10;2023-11-22;0.002;XBB.x
EG.10;2023-11-29;0.001;XBB.x
EG.10;2023-12-06;0.0;XBB.x
EG.10;2023-12-13;0.0;XBB.x
EG.10;2023-12-20;0.0;XBB.x
EG.10;2023-12-27;0.0;XBB.x
EG.10;2024-01-03;0.0;XBB.x
EG.10;2024-01-10;0.0;XBB.x
EG.10;2024-01-17;0.0;XBB.x
EG.10;2024-01-24;0.0;XBB.x
EG.10;2024-01-31;0.0;XBB.x
EG.10;2024-02-07;0.0;XBB.x
EG.10;2024-02-14;0.0;XBB.x
EG.10;2024-02-21;0.0;XBB.x
EG.10;2024-02-28;0.0;XBB.x
BA.4;2022-09-21;0.031;BA.4.x
BA.4;2022-09-28;0.03;BA.4.x
BA.4;2022-10-05;0.02;BA.4.x
BA.4;2022-10-12;0.035;BA.4.x
BA.4;2022-10-19;0.015;BA.4.x
BA.4;2022-10-26;0.02;BA.4.x
BA.4;2022-11-02;0.008;BA.4.x
BA.4;2022-11-09;0.005;BA.4.x
BA.4;2022-11-16;0.014;BA.4.x
BA.4;2022-11-23;0.004;BA.4.x
BA.4;2022-11-30;0.004;BA.4.x
BA.4;2022-12-07;0.001;BA.4.x
BA.4;2022-12-14;0.006;BA.4.x
BA.4;2022-12-21;0.006;BA.4.x
BA.4;2022-12-28;0.0;BA.4.x
BA.4;2023-01-04;0.0;BA.4.x
BA.4;2023-01-11;0.0;BA.4.x
BA.4;2023-01-18;0.0;BA.4.x
BA.4;2023-01-25;0.0;BA.4.x
BA.4;2023-02-01;0.0;BA.4.x
BA.4;2023-02-08;0.0;BA.4.x
BA.4;2023-02-15;0.0;BA.4.x
BA.4;2023-02-22;0.0;BA.4.x
BA.4;2023-03-01;0.0;BA.4.x
BA.4;2023-03-08;0.0;BA.4.x
BA.4;2023-03-15;0.0;BA.4.x
BA.4;2023-03-22;0.0;BA.4.x
BA.4;2023-03-29;0.0;BA.4.x
BA.4;2023-04-05;0.0;BA.4.x
BA.4;2023-04-12;0.0;BA.4.x
BA.4;2023-04-19;0.0;BA.4.x
BA.4;2023-04-26;0.0;BA.4.x
BA.4;2023-05-03;0.0;BA.4.x
BA.4;2023-05-10;0.001;BA.4.x
BA.4;2023-05-17;0.0;BA.4.x
BA.4;2023-05-24;0.0;BA.4.x
BA.4;2023-05-31;0.0;BA.4.x
BA.4;2023-06-07;0.0;BA.4.x
BA.4;2023-06-14;0.0;BA.4.x
BA.4;2023-06-21;0.0;BA.4.x
BA.4;2023-06-28;0.0;BA.4.x
BA.4;2023-07-05;0.0;BA.4.x
BA.4;2023-07-12;0.0;BA.4.x
BA.4;2023-07-19;0.0;BA.4.x
BA.4;2023-07-26;0.0;BA.4.x
BA.4;2023-08-02;0.0;BA.4.x
BA.4;2023-08-09;0.0;BA.4.x
BA.4;2023-08-16;0.0;BA.4.x
BA.4;2023-08-23;0.0;BA.4.x
BA.4;2023-08-30;0.0;BA.4.x
BA.4;2023-09-06;0.0;BA.4.x
BA.4;2023-09-13;0.0;BA.4.x
BA.4;2023-09-20;0.0;BA.4.x
BA.4;2023-09-27;0.0;BA.4.x
BA.4;2023-10-04;0.0;BA.4.x
BA.4;2023-10-11;0.0;BA.4.x
BA.4;2023-10-18;0.0;BA.4.x
BA.4;2023-10-25;0.0;BA.4.x
BA.4;2023-11-01;0.0;BA.4.x
BA.4;2023-11-08;0.0;BA.4.x
BA.4;2023-11-15;0.0;BA.4.x
BA.4;2023-11-22;0.0;BA.4.x
BA.4;2023-11-29;0.0;BA.4.x
BA.4;2023-12-06;0.0;BA.4.x
BA.4;2023-12-13;0.0;BA.4.x
BA.4;2023-12-20;0.0;BA.4.x
BA.4;2023-12-27;0.0;BA.4.x
BA.4;2024-01-03;0.0;BA.4.x
BA.4;2024-01-10;0.0;BA.4.x
BA.4;2024-01-17;0.0;BA.4.x
BA.4;2024-01-24;0.0;BA.4.x
BA.4;2024-01-31;0.0;BA.4.x
BA.4;2024-02-07;0.0;BA.4.x
BA.4;2024-02-14;0.0;BA.4.x
BA.4;2024-02-21;0.0;BA.4.x
BA.4;2024-02-28;0.0;BA.4.x
BQ.1;2022-09-21;0.093;BA.5.x
BQ.1;2022-09-28;0.102;BA.5.x
BQ.1;2022-10-05;0.122;BA.5.x
BQ.1;2022-10-12;0.134;BA.5.x
BQ.1;2022-10-19;0.151;BA.5.x
BQ.1;2022-10-26;0.16;BA.5.x
BQ.1;2022-11-02;0.208;BA.5.x
BQ.1;2022-11-09;0.233;BA.5.x
BQ.1;2022-11-16;0.269;BA.5.x
BQ.1;2022-11-23;0.324;BA.5.x
BQ.1;2022-11-30;0.361;BA.5.x
BQ.1;2022-12-07;0.367;BA.5.x
BQ.1;2022-12-14;0.416;BA.5.x
BQ.1;2022-12-21;0.469;BA.5.x
BQ.1;2022-12-28;0.488;BA.5.x
BQ.1;2023-01-04;0.502;BA.5.x
BQ.1;2023-01-11;0.494;BA.5.x
BQ.1;2023-01-18;0.398;BA.5.x
BQ.1;2023-01-25;0.351;BA.5.x
BQ.1;2023-02-01;0.293;BA.5.x
BQ.1;2023-02-08;0.24;BA.5.x
BQ.1;2023-02-15;0.187;BA.5.x
BQ.1;2023-02-22;0.144;BA.5.x
BQ.1;2023-03-01;0.111;BA.5.x
BQ.1;2023-03-08;0.084;BA.5.x
BQ.1;2023-03-15;0.063;BA.5.x
BQ.1;2023-03-22;0.043;BA.5.x
BQ.1;2023-03-29;0.039;BA.5.x
BQ.1;2023-04-05;0.023;BA.5.x
BQ.1;2023-04-12;0.007;BA.5.x
BQ.1;2023-04-19;0.007;BA.5.x
BQ.1;2023-04-26;0.002;BA.5.x
BQ.1;2023-05-03;0.001;BA.5.x
BQ.1;2023-05-10;0.003;BA.5.x
BQ.1;2023-05-17;0.0;BA.5.x
BQ.1;2023-05-24;0.0;BA.5.x
BQ.1;2023-05-31;0.0;BA.5.x
BQ.1;2023-06-07;0.0;BA.5.x
BQ.1;2023-06-14;0.0;BA.5.x
BQ.1;2023-06-21;0.0;BA.5.x
BQ.1;2023-06-28;0.0;BA.5.x
BQ.1;2023-07-05;0.0;BA.5.x
BQ.1;2023-07-12;0.0;BA.5.x
BQ.1;2023-07-19;0.0;BA.5.x
BQ.1;2023-07-26;0.0;BA.5.x
BQ.1;2023-08-02;0.0;BA.5.x
BQ.1;2023-08-09;0.0;BA.5.x
BQ.1;2023-08-16;0.0;BA.5.x
BQ.1;2023-08-23;0.0;BA.5.x
BQ.1;2023-08-30;0.0;BA.5.x
BQ.1;2023-09-06;0.0;BA.5.x
BQ.1;2023-09-13;0.0;BA.5.x
BQ.1;2023-09-20;0.0;BA.5.x
BQ.1;2023-09-27;0.0;BA.5.x
BQ.1;2023-10-04;0.0;BA.5.x
BQ.1;2023-10-11;0.0;BA.5.x
BQ.1;2023-10-18;0.0;BA.5.x
BQ.1;2023-10-25;0.0;BA.5.x
BQ.1;2023-11-01;0.0;BA.5.x
BQ.1;2023-11-08;0.0;BA.5.x
BQ.1;2023-11-15;0.0;BA.5.x
BQ.1;2023-11-22;0.0;BA.5.x
BQ.1;2023-11-29;0.0;BA.5.x
BQ.1;2023-12-06;0.0;BA.5.x
BQ.1;2023-12-13;0.0;BA.5.x
BQ.1;2023-12-20;0.0;BA.5.x
BQ.1;2023-12-27;0.0;BA.5.x
BQ.1;2024-01-03;0.0;BA.5.x
BQ.1;2024-01-10;0.0;BA.5.x
BQ.1;2024-01-17;0.0;BA.5.x
BQ.1;2024-01-24;0.0;BA.5.x
BQ.1;2024-01-31;0.0;BA.5.x
BQ.1;2024-02-07;0.0;BA.5.x
BQ.1;2024-02-14;0.0;BA.5.x
BQ.1;2024-02-21;0.0;BA.5.x
BQ.1;2024-02-28;0.0;BA.5.x
BF.7;2022-09-21;0.078;BA.5.x
BF.7;2022-09-28;0.119;BA.5.x
BF.7;2022-10-05;0.382;BA.5.x
BF.7;2022-10-12;0.411;BA.5.x
BF.7;2022-10-19;0.436;BA.5.x
BF.7;2022-10-26;0.451;BA.5.x
BF.7;2022-11-02;0.424;BA.5.x
BF.7;2022-11-09;0.422;BA.5.x
BF.7;2022-11-16;0.376;BA.5.x
BF.7;2022-11-23;0.374;BA.5.x
BF.7;2022-11-30;0.358;BA.5.x
BF.7;2022-12-07;0.33;BA.5.x
BF.7;2022-12-14;0.27;BA.5.x
BF.7;2022-12-21;0.209;BA.5.x
BF.7;2022-12-28;0.187;BA.5.x
BF.7;2023-01-04;0.159;BA.5.x
BF.7;2023-01-11;0.157;BA.5.x
BF.7;2023-01-18;0.125;BA.5.x
BF.7;2023-01-25;0.097;BA.5.x
BF.7;2023-02-01;0.057;BA.5.x
BF.7;2023-02-08;0.047;BA.5.x
BF.7;2023-02-15;0.016;BA.5.x
BF.7;2023-02-22;0.019;BA.5.x
BF.7;2023-03-01;0.011;BA.5.x
BF.7;2023-03-08;0.004;BA.5.x
BF.7;2023-03-15;0.004;BA.5.x
BF.7;2023-03-22;0.009;BA.5.x
BF.7;2023-03-29;0.007;BA.5.x
BF.7;2023-04-05;0.003;BA.5.x
BF.7;2023-04-12;0.002;BA.5.x
BF.7;2023-04-19;0.0;BA.5.x
BF.7;2023-04-26;0.0;BA.5.x
BF.7;2023-05-03;0.0;BA.5.x
BF.7;2023-05-10;0.0;BA.5.x
BF.7;2023-05-17;0.0;BA.5.x
BF.7;2023-05-24;0.0;BA.5.x
BF.7;2023-05-31;0.0;BA.5.x
BF.7;2023-06-07;0.001;BA.5.x
BF.7;2023-06-14;0.0;BA.5.x
BF.7;2023-06-21;0.0;BA.5.x
BF.7;2023-06-28;0.0;BA.5.x
BF.7;2023-07-05;0.0;BA.5.x
BF.7;2023-07-12;0.0;BA.5.x
BF.7;2023-07-19;0.0;BA.5.x
BF.7;2023-07-26;0.0;BA.5.x
BF.7;2023-08-02;0.0;BA.5.x
BF.7;2023-08-09;0.0;BA.5.x
BF.7;2023-08-16;0.0;BA.5.x
BF.7;2023-08-23;0.0;BA.5.x
BF.7;2023-08-30;0.0;BA.5.x
BF.7;2023-09-06;0.0;BA.5.x
BF.7;2023-09-13;0.0;BA.5.x
BF.7;2023-09-20;0.0;BA.5.x
BF.7;2023-09-27;0.0;BA.5.x
BF.7;2023-10-04;0.0;BA.5.x
BF.7;2023-10-11;0.0;BA.5.x
BF.7;2023-10-18;0.0;BA.5.x
BF.7;2023-10-25;0.0;BA.5.x
BF.7;2023-11-01;0.0;BA.5.x
BF.7;2023-11-08;0.0;BA.5.x
BF.7;2023-11-15;0.0;BA.5.x
BF.7;2023-11-22;0.0;BA.5.x
BF.7;2023-11-29;0.0;BA.5.x
BF.7;2023-12-06;0.0;BA.5.x
BF.7;2023-12-13;0.0;BA.5.x
BF.7;2023-12-20;0.0;BA.5.x
BF.7;2023-12-27;0.0;BA.5.x
BF.7;2024-01-03;0.0;BA.5.x
BF.7;2024-01-10;0.0;BA.5.x
BF.7;2024-01-17;0.0;BA.5.x
BF.7;2024-01-24;0.0;BA.5.x
BF.7;2024-01-31;0.0;BA.5.x
BF.7;2024-02-07;0.0;BA.5.x
BF.7;2024-02-14;0.0;BA.5.x
BF.7;2024-02-21;0.0;BA.5.x
BF.7;2024-02-28;0.0;BA.5.x
BF.14;2022-09-21;0.048;BA.5.x
BF.14;2022-09-28;0.01;BA.5.x
BF.14;2022-10-05;0.0;BA.5.x
BF.14;2022-10-12;0.0;BA.5.x
BF.14;2022-10-19;0.0;BA.5.x
BF.14;2022-10-26;0.0;BA.5.x
BF.14;2022-11-02;0.0;BA.5.x
BF.14;2022-11-09;0.0;BA.5.x
BF.14;2022-11-16;0.0;BA.5.x
BF.14;2022-11-23;0.0;BA.5.x
BF.14;2022-11-30;0.0;BA.5.x
BF.14;2022-12-07;0.0;BA.5.x
BF.14;2022-12-14;0.0;BA.5.x
BF.14;2022-12-21;0.0;BA.5.x
BF.14;2022-12-28;0.0;BA.5.x
BF.14;2023-01-04;0.0;BA.5.x
BF.14;2023-01-11;0.0;BA.5.x
BF.14;2023-01-18;0.0;BA.5.x
BF.14;2023-01-25;0.0;BA.5.x
BF.14;2023-02-01;0.0;BA.5.x
BF.14;2023-02-08;0.0;BA.5.x
BF.14;2023-02-15;0.0;BA.5.x
BF.14;2023-02-22;0.0;BA.5.x
BF.14;2023-03-01;0.0;BA.5.x
BF.14;2023-03-08;0.0;BA.5.x
BF.14;2023-03-15;0.0;BA.5.x
BF.14;2023-03-22;0.0;BA.5.x
BF.14;2023-03-29;0.0;BA.5.x
BF.14;2023-04-05;0.0;BA.5.x
BF.14;2023-04-12;0.0;BA.5.x
BF.14;2023-04-19;0.0;BA.5.x
BF.14;2023-04-26;0.0;BA.5.x
BF.14;2023-05-03;0.0;BA.5.x
BF.14;2023-05-10;0.0;BA.5.x
BF.14;2023-05-17;0.0;BA.5.x
BF.14;2023-05-24;0.0;BA.5.x
BF.14;2023-05-31;0.0;BA.5.x
BF.14;2023-06-07;0.0;BA.5.x
BF.14;2023-06-14;0.0;BA.5.x
BF.14;2023-06-21;0.0;BA.5.x
BF.14;2023-06-28;0.0;BA.5.x
BF.14;2023-07-05;0.0;BA.5.x
BF.14;2023-07-12;0.0;BA.5.x
BF.14;2023-07-19;0.0;BA.5.x
BF.14;2023-07-26;0.0;BA.5.x
BF.14;2023-08-02;0.0;BA.5.x
BF.14;2023-08-09;0.0;BA.5.x
BF.14;2023-08-16;0.0;BA.5.x
BF.14;2023-08-23;0.0;BA.5.x
BF.14;2023-08-30;0.0;BA.5.x
BF.14;2023-09-06;0.0;BA.5.x
BF.14;2023-09-13;0.0;BA.5.x
BF.14;2023-09-20;0.0;BA.5.x
BF.14;2023-09-27;0.0;BA.5.x
BF.14;2023-10-04;0.0;BA.5.x
BF.14;2023-10-11;0.0;BA.5.x
BF.14;2023-10-18;0.0;BA.5.x
BF.14;2023-10-25;0.0;BA.5.x
BF.14;2023-11-01;0.0;BA.5.x
BF.14;2023-11-08;0.0;BA.5.x
BF.14;2023-11-15;0.0;BA.5.x
BF.14;2023-11-22;0.0;BA.5.x
BF.14;2023-11-29;0.0;BA.5.x
BF.14;2023-12-06;0.0;BA.5.x
BF.14;2023-12-13;0.0;BA.5.x
BF.14;2023-12-20;0.0;BA.5.x
BF.14;2023-12-27;0.0;BA.5.x
BF.14;2024-01-03;0.0;BA.5.x
BF.14;2024-01-10;0.0;BA.5.x
BF.14;2024-01-17;0.0;BA.5.x
BF.14;2024-01-24;0.0;BA.5.x
BF.14;2024-01-31;0.0;BA.5.x
BF.14;2024-02-07;0.0;BA.5.x
BF.14;2024-02-14;0.0;BA.5.x
BF.14;2024-02-21;0.0;BA.5.x
BF.14;2024-02-28;0.0;BA.5.x
BA.5.2.1;2022-09-21;0.36;BA.5.x
BA.5.2.1;2022-09-28;0.373;BA.5.x
BA.5.2.1;2022-10-05;0.012;BA.5.x
BA.5.2.1;2022-10-12;0.0;BA.5.x
BA.5.2.1;2022-10-19;0.0;BA.5.x
BA.5.2.1;2022-10-26;0.0;BA.5.x
BA.5.2.1;2022-11-02;0.0;BA.5.x
BA.5.2.1;2022-11-09;0.0;BA.5.x
BA.5.2.1;2022-11-16;0.0;BA.5.x
BA.5.2.1;2022-11-23;0.007;BA.5.x
BA.5.2.1;2022-11-30;0.0;BA.5.x
BA.5.2.1;2022-12-07;0.0;BA.5.x
BA.5.2.1;2022-12-14;0.0;BA.5.x
BA.5.2.1;2022-12-21;0.0;BA.5.x
BA.5.2.1;2022-12-28;0.0;BA.5.x
BA.5.2.1;2023-01-04;0.0;BA.5.x
BA.5.2.1;2023-01-11;0.0;BA.5.x
BA.5.2.1;2023-01-18;0.0;BA.5.x
BA.5.2.1;2023-01-25;0.0;BA.5.x
BA.5.2.1;2023-02-01;0.0;BA.5.x
BA.5.2.1;2023-02-08;0.0;BA.5.x
BA.5.2.1;2023-02-15;0.0;BA.5.x
BA.5.2.1;2023-02-22;0.0;BA.5.x
BA.5.2.1;2023-03-01;0.0;BA.5.x
BA.5.2.1;2023-03-08;0.0;BA.5.x
BA.5.2.1;2023-03-15;0.0;BA.5.x
BA.5.2.1;2023-03-22;0.0;BA.5.x
BA.5.2.1;2023-03-29;0.0;BA.5.x
BA.5.2.1;2023-04-05;0.0;BA.5.x
BA.5.2.1;2023-04-12;0.0;BA.5.x
BA.5.2.1;2023-04-19;0.0;BA.5.x
BA.5.2.1;2023-04-26;0.0;BA.5.x
BA.5.2.1;2023-05-03;0.0;BA.5.x
BA.5.2.1;2023-05-10;0.0;BA.5.x
BA.5.2.1;2023-05-17;0.0;BA.5.x
BA.5.2.1;2023-05-24;0.0;BA.5.x
BA.5.2.1;2023-05-31;0.0;BA.5.x
BA.5.2.1;2023-06-07;0.0;BA.5.x
BA.5.2.1;2023-06-14;0.0;BA.5.x
BA.5.2.1;2023-06-21;0.0;BA.5.x
BA.5.2.1;2023-06-28;0.0;BA.5.x
BA.5.2.1;2023-07-05;0.0;BA.5.x
BA.5.2.1;2023-07-12;0.0;BA.5.x
BA.5.2.1;2023-07-19;0.0;BA.5.x
BA.5.2.1;2023-07-26;0.0;BA.5.x
BA.5.2.1;2023-08-02;0.0;BA.5.x
BA.5.2.1;2023-08-09;0.0;BA.5.x
BA.5.2.1;2023-08-16;0.0;BA.5.x
BA.5.2.1;2023-08-23;0.0;BA.5.x
BA.5.2.1;2023-08-30;0.0;BA.5.x
BA.5.2.1;2023-09-06;0.0;BA.5.x
BA.5.2.1;2023-09-13;0.0;BA.5.x
BA.5.2.1;2023-09-20;0.0;BA.5.x
BA.5.2.1;2023-09-27;0.0;BA.5.x
BA.5.2.1;2023-10-04;0.0;BA.5.x
BA.5.2.1;2023-10-11;0.0;BA.5.x
BA.5.2.1;2023-10-18;0.0;BA.5.x
BA.5.2.1;2023-10-25;0.0;BA.5.x
BA.5.2.1;2023-11-01;0.0;BA.5.x
BA.5.2.1;2023-11-08;0.0;BA.5.x
BA.5.2.1;2023-11-15;0.0;BA.5.x
BA.5.2.1;2023-11-22;0.0;BA.5.x
BA.5.2.1;2023-11-29;0.0;BA.5.x
BA.5.2.1;2023-12-06;0.0;BA.5.x
BA.5.2.1;2023-12-13;0.0;BA.5.x
BA.5.2.1;2023-12-20;0.0;BA.5.x
BA.5.2.1;2023-12-27;0.0;BA.5.x
BA.5.2.1;2024-01-03;0.0;BA.5.x
BA.5.2.1;2024-01-10;0.0;BA.5.x
BA.5.2.1;2024-01-17;0.0;BA.5.x
BA.5.2.1;2024-01-24;0.0;BA.5.x
BA.5.2.1;2024-01-31;0.0;BA.5.x
BA.5.2.1;2024-02-07;0.0;BA.5.x
BA.5.2.1;2024-02-14;0.0;BA.5.x
BA.5.2.1;2024-02-21;0.0;BA.5.x
BA.5.2.1;2024-02-28;0.0;BA.5.x
BA.5.1;2022-09-21;0.279;BA.5.x
BA.5.1;2022-09-28;0.246;BA.5.x
BA.5.1;2022-10-05;0.256;BA.5.x
BA.5.1;2022-10-12;0.242;BA.5.x
BA.5.1;2022-10-19;0.202;BA.5.x
BA.5.1;2022-10-26;0.202;BA.5.x
BA.5.1;2022-11-02;0.182;BA.5.x
BA.5.1;2022-11-09;0.158;BA.5.x
BA.5.1;2022-11-16;0.106;BA.5.x
BA.5.1;2022-11-23;0.069;BA.5.x
BA.5.1;2022-11-30;0.072;BA.5.x
BA.5.1;2022-12-07;0.069;BA.5.x
BA.5.1;2022-12-14;0.062;BA.5.x
BA.5.1;2022-12-21;0.048;BA.5.x
BA.5.1;2022-12-28;0.043;BA.5.x
BA.5.1;2023-01-04;0.028;BA.5.x
BA.5.1;2023-01-11;0.024;BA.5.x
BA.5.1;2023-01-18;0.029;BA.5.x
BA.5.1;2023-01-25;0.019;BA.5.x
BA.5.1;2023-02-01;0.005;BA.5.x
BA.5.1;2023-02-08;0.004;BA.5.x
BA.5.1;2023-02-15;0.0;BA.5.x
BA.5.1;2023-02-22;0.001;BA.5.x
BA.5.1;2023-03-01;0.0;BA.5.x
BA.5.1;2023-03-08;0.0;BA.5.x
BA.5.1;2023-03-15;0.003;BA.5.x
BA.5.1;2023-03-22;0.0;BA.5.x
BA.5.1;2023-03-29;0.0;BA.5.x
BA.5.1;2023-04-05;0.0;BA.5.x
BA.5.1;2023-04-12;0.0;BA.5.x
BA.5.1;2023-04-19;0.0;BA.5.x
BA.5.1;2023-04-26;0.002;BA.5.x
BA.5.1;2023-05-03;0.0;BA.5.x
BA.5.1;2023-05-10;0.0;BA.5.x
BA.5.1;2023-05-17;0.0;BA.5.x
BA.5.1;2023-05-24;0.0;BA.5.x
BA.5.1;2023-05-31;0.0;BA.5.x
BA.5.1;2023-06-07;0.0;BA.5.x
BA.5.1;2023-06-14;0.0;BA.5.x
BA.5.1;2023-06-21;0.0;BA.5.x
BA.5.1;2023-06-28;0.0;BA.5.x
BA.5.1;2023-07-05;0.007;BA.5.x
BA.5.1;2023-07-12;0.005;BA.5.x
BA.5.1;2023-07-19;0.0;BA.5.x
BA.5.1;2023-07-26;0.0;BA.5.x
BA.5.1;2023-08-02;0.0;BA.5.x
BA.5.1;2023-08-09;0.0;BA.5.x
BA.5.1;2023-08-16;0.0;BA.5.x
BA.5.1;2023-08-23;0.0;BA.5.x
BA.5.1;2023-08-30;0.0;BA.5.x
BA.5.1;2023-09-06;0.0;BA.5.x
BA.5.1;2023-09-13;0.0;BA.5.x
BA.5.1;2023-09-20;0.0;BA.5.x
BA.5.1;2023-09-27;0.002;BA.5.x
BA.5.1;2023-10-04;0.0;BA.5.x
BA.5.1;2023-10-11;0.0;BA.5.x
BA.5.1;2023-10-18;0.0;BA.5.x
BA.5.1;2023-10-25;0.0;BA.5.x
BA.5.1;2023-11-01;0.0;BA.5.x
BA.5.1;2023-11-08;0.0;BA.5.x
BA.5.1;2023-11-15;0.0;BA.5.x
BA.5.1;2023-11-22;0.0;BA.5.x
BA.5.1;2023-11-29;0.0;BA.5.x
BA.5.1;2023-12-06;0.0;BA.5.x
BA.5.1;2023-12-13;0.0;BA.5.x
BA.5.1;2023-12-20;0.0;BA.5.x
BA.5.1;2023-12-27;0.0;BA.5.x
BA.5.1;2024-01-03;0.0;BA.5.x
BA.5.1;2024-01-10;0.0;BA.5.x
BA.5.1;2024-01-17;0.0;BA.5.x
BA.5.1;2024-01-24;0.0;BA.5.x
BA.5.1;2024-01-31;0.0;BA.5.x
BA.5.1;2024-02-07;0.0;BA.5.x
BA.5.1;2024-02-14;0.0;BA.5.x
BA.5.1;2024-02-21;0.0;BA.5.x
BA.5.1;2024-02-28;0.0;BA.5.x
BA.5;2022-09-21;0.081;BA.5.x
BA.5;2022-09-28;0.103;BA.5.x
BA.5;2022-10-05;0.153;BA.5.x
BA.5;2022-10-12;0.151;BA.5.x
BA.5;2022-10-19;0.138;BA.5.x
BA.5;2022-10-26;0.096;BA.5.x
BA.5;2022-11-02;0.07;BA.5.x
BA.5;2022-11-09;0.092;BA.5.x
BA.5;2022-11-16;0.085;BA.5.x
BA.5;2022-11-23;0.078;BA.5.x
BA.5;2022-11-30;0.032;BA.5.x
BA.5;2022-12-07;0.041;BA.5.x
BA.5;2022-12-14;0.042;BA.5.x
BA.5;2022-12-21;0.032;BA.5.x
BA.5;2022-12-28;0.02;BA.5.x
BA.5;2023-01-04;0.012;BA.5.x
BA.5;2023-01-11;0.013;BA.5.x
BA.5;2023-01-18;0.012;BA.5.x
BA.5;2023-01-25;0.011;BA.5.x
BA.5;2023-02-01;0.005;BA.5.x
BA.5;2023-02-08;0.002;BA.5.x
BA.5;2023-02-15;0.024;BA.5.x
BA.5;2023-02-22;0.005;BA.5.x
BA.5;2023-03-01;0.004;BA.5.x
BA.5;2023-03-08;0.009;BA.5.x
BA.5;2023-03-15;0.007;BA.5.x
BA.5;2023-03-22;0.006;BA.5.x
BA.5;2023-03-29;0.004;BA.5.x
BA.5;2023-04-05;0.012;BA.5.x
BA.5;2023-04-12;0.009;BA.5.x
BA.5;2023-04-19;0.003;BA.5.x
BA.5;2023-04-26;0.014;BA.5.x
BA.5;2023-05-03;0.003;BA.5.x
BA.5;2023-05-10;0.002;BA.5.x
BA.5;2023-05-17;0.01;BA.5.x
BA.5;2023-05-24;0.001;BA.5.x
BA.5;2023-05-31;0.0;BA.5.x
BA.5;2023-06-07;0.001;BA.5.x
BA.5;2023-06-14;0.0;BA.5.x
BA.5;2023-06-21;0.0;BA.5.x
BA.5;2023-06-28;0.0;BA.5.x
BA.5;2023-07-05;0.0;BA.5.x
BA.5;2023-07-12;0.0;BA.5.x
BA.5;2023-07-19;0.0;BA.5.x
BA.5;2023-07-26;0.0;BA.5.x
BA.5;2023-08-02;0.0;BA.5.x
BA.5;2023-08-09;0.0;BA.5.x
BA.5;2023-08-16;0.0;BA.5.x
BA.5;2023-08-23;0.0;BA.5.x
BA.5;2023-08-30;0.0;BA.5.x
BA.5;2023-09-06;0.0;BA.5.x
BA.5;2023-09-13;0.0;BA.5.x
BA.5;2023-09-20;0.0;BA.5.x
BA.5;2023-09-27;0.0;BA.5.x
BA.5;2023-10-04;0.0;BA.5.x
BA.5;2023-10-11;0.001;BA.5.x
BA.5;2023-10-18;0.0;BA.5.x
BA.5;2023-10-25;0.0;BA.5.x
BA.5;2023-11-01;0.0;BA.5.x
BA.5;2023-11-08;0.0;BA.5.x
BA.5;2023-11-15;0.0;BA.5.x
BA.5;2023-11-22;0.0;BA.5.x
BA.5;2023-11-29;0.0;BA.5.x
BA.5;2023-12-06;0.0;BA.5.x
BA.5;2023-12-13;0.0;BA.5.x
BA.5;2023-12-20;0.0;BA.5.x
BA.5;2023-12-27;0.0;BA.5.x
BA.5;2024-01-03;0.0;BA.5.x
BA.5;2024-01-10;0.0;BA.5.x
BA.5;2024-01-17;0.0;BA.5.x
BA.5;2024-01-24;0.0;BA.5.x
BA.5;2024-01-31;0.0;BA.5.x
BA.5;2024-02-07;0.0;BA.5.x
BA.5;2024-02-14;0.0;BA.5.x
BA.5;2024-02-21;0.0;BA.5.x
BA.5;2024-02-28;0.0;BA.5.x
JN.2;2022-09-21;0.0;BA.2.x
JN.2;2022-09-28;0.0;BA.2.x
JN.2;2022-10-05;0.0;BA.2.x
JN.2;2022-10-12;0.0;BA.2.x
JN.2;2022-10-19;0.0;BA.2.x
JN.2;2022-10-26;0.0;BA.2.x
JN.2;2022-11-02;0.0;BA.2.x
JN.2;2022-11-09;0.0;BA.2.x
JN.2;2022-11-16;0.0;BA.2.x
JN.2;2022-11-23;0.0;BA.2.x
JN.2;2022-11-30;0.0;BA.2.x
JN.2;2022-12-07;0.0;BA.2.x
JN.2;2022-12-14;0.0;BA.2.x
JN.2;2022-12-21;0.0;BA.2.x
JN.2;2022-12-28;0.0;BA.2.x
JN.2;2023-01-04;0.0;BA.2.x
JN.2;2023-01-11;0.0;BA.2.x
JN.2;2023-01-18;0.0;BA.2.x
JN.2;2023-01-25;0.0;BA.2.x
JN.2;2023-02-01;0.0;BA.2.x
JN.2;2023-02-08;0.0;BA.2.x
JN.2;2023-02-15;0.0;BA.2.x
JN.2;2023-02-22;0.0;BA.2.x
JN.2;2023-03-01;0.0;BA.2.x
JN.2;2023-03-08;0.0;BA.2.x
JN.2;2023-03-15;0.0;BA.2.x
JN.2;2023-03-22;0.0;BA.2.x
JN.2;2023-03-29;0.0;BA.2.x
JN.2;2023-04-05;0.0;BA.2.x
JN.2;2023-04-12;0.0;BA.2.x
JN.2;2023-04-19;0.0;BA.2.x
JN.2;2023-04-26;0.0;BA.2.x
JN.2;2023-05-03;0.0;BA.2.x
JN.2;2023-05-10;0.0;BA.2.x
JN.2;2023-05-17;0.0;BA.2.x
JN.2;2023-05-24;0.0;BA.2.x
JN.2;2023-05-31;0.0;BA.2.x
JN.2;2023-06-07;0.0;BA.2.x
JN.2;2023-06-14;0.0;BA.2.x
JN.2;2023-06-21;0.0;BA.2.x
JN.2;2023-06-28;0.0;BA.2.x
JN.2;2023-07-05;0.0;BA.2.x
JN.2;2023-07-12;0.0;BA.2.x
JN.2;2023-07-19;0.0;BA.2.x
JN.2;2023-07-26;0.0;BA.2.x
JN.2;2023-08-02;0.0;BA.2.x
JN.2;2023-08-09;0.0;BA.2.x
JN.2;2023-08-16;0.0;BA.2.x
JN.2;2023-08-23;0.0;BA.2.x
JN.2;2023-08-30;0.0;BA.2.x
JN.2;2023-09-06;0.0;BA.2.x
JN.2;2023-09-13;0.0;BA.2.x
JN.2;2023-09-20;0.0;BA.2.x
JN.2;2023-09-27;0.0;BA.2.x
JN.2;2023-10-04;0.001;BA.2.x
JN.2;2023-10-11;0.001;BA.2.x
JN.2;2023-10-18;0.003;BA.2.x
JN.2;2023-10-25;0.002;BA.2.x
JN.2;2023-11-01;0.003;BA.2.x
JN.2;2023-11-08;0.006;BA.2.x
JN.2;2023-11-15;0.008;BA.2.x
JN.2;2023-11-22;0.009;BA.2.x
JN.2;2023-11-29;0.018;BA.2.x
JN.2;2023-12-06;0.027;BA.2.x
JN.2;2023-12-13;0.014;BA.2.x
JN.2;2023-12-20;0.007;BA.2.x
JN.2;2023-12-27;0.011;BA.2.x
JN.2;2024-01-03;0.025;BA.2.x
JN.2;2024-01-10;0.024;BA.2.x
JN.2;2024-01-17;0.012;BA.2.x
JN.2;2024-01-24;0.0;BA.2.x
JN.2;2024-01-31;0.001;BA.2.x
JN.2;2024-02-07;0.006;BA.2.x
JN.2;2024-02-14;0.001;BA.2.x
JN.2;2024-02-21;0.002;BA.2.x
JN.2;2024-02-28;0.001;BA.2.x
JN.1.8;2022-09-21;0.0;BA.2.x
JN.1.8;2022-09-28;0.0;BA.2.x
JN.1.8;2022-10-05;0.0;BA.2.x
JN.1.8;2022-10-12;0.0;BA.2.x
JN.1.8;2022-10-19;0.0;BA.2.x
JN.1.8;2022-10-26;0.0;BA.2.x
JN.1.8;2022-11-02;0.0;BA.2.x
JN.1.8;2022-11-09;0.0;BA.2.x
JN.1.8;2022-11-16;0.0;BA.2.x
JN.1.8;2022-11-23;0.0;BA.2.x
JN.1.8;2022-11-30;0.0;BA.2.x
JN.1.8;2022-12-07;0.0;BA.2.x
JN.1.8;2022-12-14;0.0;BA.2.x
JN.1.8;2022-12-21;0.0;BA.2.x
JN.1.8;2022-12-28;0.0;BA.2.x
JN.1.8;2023-01-04;0.0;BA.2.x
JN.1.8;2023-01-11;0.0;BA.2.x
JN.1.8;2023-01-18;0.0;BA.2.x
JN.1.8;2023-01-25;0.0;BA.2.x
JN.1.8;2023-02-01;0.0;BA.2.x
JN.1.8;2023-02-08;0.0;BA.2.x
JN.1.8;2023-02-15;0.0;BA.2.x
JN.1.8;2023-02-22;0.0;BA.2.x
JN.1.8;2023-03-01;0.0;BA.2.x
JN.1.8;2023-03-08;0.0;BA.2.x
JN.1.8;2023-03-15;0.0;BA.2.x
JN.1.8;2023-03-22;0.0;BA.2.x
JN.1.8;2023-03-29;0.0;BA.2.x
JN.1.8;2023-04-05;0.0;BA.2.x
JN.1.8;2023-04-12;0.0;BA.2.x
JN.1.8;2023-04-19;0.0;BA.2.x
JN.1.8;2023-04-26;0.0;BA.2.x
JN.1.8;2023-05-03;0.0;BA.2.x
JN.1.8;2023-05-10;0.0;BA.2.x
JN.1.8;2023-05-17;0.0;BA.2.x
JN.1.8;2023-05-24;0.0;BA.2.x
JN.1.8;2023-05-31;0.0;BA.2.x
JN.1.8;2023-06-07;0.0;BA.2.x
JN.1.8;2023-06-14;0.0;BA.2.x
JN.1.8;2023-06-21;0.0;BA.2.x
JN.1.8;2023-06-28;0.0;BA.2.x
JN.1.8;2023-07-05;0.0;BA.2.x
JN.1.8;2023-07-12;0.0;BA.2.x
JN.1.8;2023-07-19;0.0;BA.2.x
JN.1.8;2023-07-26;0.0;BA.2.x
JN.1.8;2023-08-02;0.0;BA.2.x
JN.1.8;2023-08-09;0.0;BA.2.x
JN.1.8;2023-08-16;0.0;BA.2.x
JN.1.8;2023-08-23;0.0;BA.2.x
JN.1.8;2023-08-30;0.0;BA.2.x
JN.1.8;2023-09-06;0.0;BA.2.x
JN.1.8;2023-09-13;0.0;BA.2.x
JN.1.8;2023-09-20;0.0;BA.2.x
JN.1.8;2023-09-27;0.0;BA.2.x
JN.1.8;2023-10-04;0.001;BA.2.x
JN.1.8;2023-10-11;0.01;BA.2.x
JN.1.8;2023-10-18;0.011;BA.2.x
JN.1.8;2023-10-25;0.002;BA.2.x
JN.1.8;2023-11-01;0.012;BA.2.x
JN.1.8;2023-11-08;0.009;BA.2.x
JN.1.8;2023-11-15;0.014;BA.2.x
JN.1.8;2023-11-22;0.021;BA.2.x
JN.1.8;2023-11-29;0.038;BA.2.x
JN.1.8;2023-12-06;0.02;BA.2.x
JN.1.8;2023-12-13;0.043;BA.2.x
JN.1.8;2023-12-20;0.021;BA.2.x
JN.1.8;2023-12-27;0.029;BA.2.x
JN.1.8;2024-01-03;0.055;BA.2.x
JN.1.8;2024-01-10;0.045;BA.2.x
JN.1.8;2024-01-17;0.012;BA.2.x
JN.1.8;2024-01-24;0.029;BA.2.x
JN.1.8;2024-01-31;0.104;BA.2.x
JN.1.8;2024-02-07;0.014;BA.2.x
JN.1.8;2024-02-14;0.011;BA.2.x
JN.1.8;2024-02-21;0.018;BA.2.x
JN.1.8;2024-02-28;0.015;BA.2.x
JN.1.7;2022-09-21;0.0;BA.2.x
JN.1.7;2022-09-28;0.0;BA.2.x
JN.1.7;2022-10-05;0.0;BA.2.x
JN.1.7;2022-10-12;0.0;BA.2.x
JN.1.7;2022-10-19;0.0;BA.2.x
JN.1.7;2022-10-26;0.0;BA.2.x
JN.1.7;2022-11-02;0.0;BA.2.x
JN.1.7;2022-11-09;0.0;BA.2.x
JN.1.7;2022-11-16;0.0;BA.2.x
JN.1.7;2022-11-23;0.0;BA.2.x
JN.1.7;2022-11-30;0.0;BA.2.x
JN.1.7;2022-12-07;0.0;BA.2.x
JN.1.7;2022-12-14;0.0;BA.2.x
JN.1.7;2022-12-21;0.0;BA.2.x
JN.1.7;2022-12-28;0.0;BA.2.x
JN.1.7;2023-01-04;0.0;BA.2.x
JN.1.7;2023-01-11;0.0;BA.2.x
JN.1.7;2023-01-18;0.0;BA.2.x
JN.1.7;2023-01-25;0.0;BA.2.x
JN.1.7;2023-02-01;0.0;BA.2.x
JN.1.7;2023-02-08;0.0;BA.2.x
JN.1.7;2023-02-15;0.0;BA.2.x
JN.1.7;2023-02-22;0.0;BA.2.x
JN.1.7;2023-03-01;0.0;BA.2.x
JN.1.7;2023-03-08;0.0;BA.2.x
JN.1.7;2023-03-15;0.0;BA.2.x
JN.1.7;2023-03-22;0.0;BA.2.x
JN.1.7;2023-03-29;0.0;BA.2.x
JN.1.7;2023-04-05;0.0;BA.2.x
JN.1.7;2023-04-12;0.0;BA.2.x
JN.1.7;2023-04-19;0.0;BA.2.x
JN.1.7;2023-04-26;0.0;BA.2.x
JN.1.7;2023-05-03;0.0;BA.2.x
JN.1.7;2023-05-10;0.0;BA.2.x
JN.1.7;2023-05-17;0.0;BA.2.x
JN.1.7;2023-05-24;0.0;BA.2.x
JN.1.7;2023-05-31;0.0;BA.2.x
JN.1.7;2023-06-07;0.0;BA.2.x
JN.1.7;2023-06-14;0.0;BA.2.x
JN.1.7;2023-06-21;0.0;BA.2.x
JN.1.7;2023-06-28;0.0;BA.2.x
JN.1.7;2023-07-05;0.0;BA.2.x
JN.1.7;2023-07-12;0.0;BA.2.x
JN.1.7;2023-07-19;0.0;BA.2.x
JN.1.7;2023-07-26;0.0;BA.2.x
JN.1.7;2023-08-02;0.0;BA.2.x
JN.1.7;2023-08-09;0.0;BA.2.x
JN.1.7;2023-08-16;0.0;BA.2.x
JN.1.7;2023-08-23;0.0;BA.2.x
JN.1.7;2023-08-30;0.0;BA.2.x
JN.1.7;2023-09-06;0.0;BA.2.x
JN.1.7;2023-09-13;0.0;BA.2.x
JN.1.7;2023-09-20;0.0;BA.2.x
JN.1.7;2023-09-27;0.0;BA.2.x
JN.1.7;2023-10-04;0.0;BA.2.x
JN.1.7;2023-10-11;0.002;BA.2.x
JN.1.7;2023-10-18;0.0;BA.2.x
JN.1.7;2023-10-25;0.0;BA.2.x
JN.1.7;2023-11-01;0.0;BA.2.x
JN.1.7;2023-11-08;0.0;BA.2.x
JN.1.7;2023-11-15;0.0;BA.2.x
JN.1.7;2023-11-22;0.0;BA.2.x
JN.1.7;2023-11-29;0.0;BA.2.x
JN.1.7;2023-12-06;0.0;BA.2.x
JN.1.7;2023-12-13;0.0;BA.2.x
JN.1.7;2023-12-20;0.011;BA.2.x
JN.1.7;2023-12-27;0.003;BA.2.x
JN.1.7;2024-01-03;0.003;BA.2.x
JN.1.7;2024-01-10;0.006;BA.2.x
JN.1.7;2024-01-17;0.019;BA.2.x
JN.1.7;2024-01-24;0.146;BA.2.x
JN.1.7;2024-01-31;0.082;BA.2.x
JN.1.7;2024-02-07;0.018;BA.2.x
JN.1.7;2024-02-14;0.009;BA.2.x
JN.1.7;2024-02-21;0.029;BA.2.x
JN.1.7;2024-02-28;0.037;BA.2.x
JN.1.4;2022-09-21;0.0;BA.2.x
JN.1.4;2022-09-28;0.0;BA.2.x
JN.1.4;2022-10-05;0.0;BA.2.x
JN.1.4;2022-10-12;0.0;BA.2.x
JN.1.4;2022-10-19;0.0;BA.2.x
JN.1.4;2022-10-26;0.0;BA.2.x
JN.1.4;2022-11-02;0.0;BA.2.x
JN.1.4;2022-11-09;0.0;BA.2.x
JN.1.4;2022-11-16;0.0;BA.2.x
JN.1.4;2022-11-23;0.0;BA.2.x
JN.1.4;2022-11-30;0.0;BA.2.x
JN.1.4;2022-12-07;0.0;BA.2.x
JN.1.4;2022-12-14;0.0;BA.2.x
JN.1.4;2022-12-21;0.0;BA.2.x
JN.1.4;2022-12-28;0.0;BA.2.x
JN.1.4;2023-01-04;0.0;BA.2.x
JN.1.4;2023-01-11;0.0;BA.2.x
JN.1.4;2023-01-18;0.0;BA.2.x
JN.1.4;2023-01-25;0.0;BA.2.x
JN.1.4;2023-02-01;0.0;BA.2.x
JN.1.4;2023-02-08;0.0;BA.2.x
JN.1.4;2023-02-15;0.0;BA.2.x
JN.1.4;2023-02-22;0.0;BA.2.x
JN.1.4;2023-03-01;0.0;BA.2.x
JN.1.4;2023-03-08;0.0;BA.2.x
JN.1.4;2023-03-15;0.0;BA.2.x
JN.1.4;2023-03-22;0.0;BA.2.x
JN.1.4;2023-03-29;0.0;BA.2.x
JN.1.4;2023-04-05;0.0;BA.2.x
JN.1.4;2023-04-12;0.0;BA.2.x
JN.1.4;2023-04-19;0.0;BA.2.x
JN.1.4;2023-04-26;0.0;BA.2.x
JN.1.4;2023-05-03;0.0;BA.2.x
JN.1.4;2023-05-10;0.0;BA.2.x
JN.1.4;2023-05-17;0.0;BA.2.x
JN.1.4;2023-05-24;0.0;BA.2.x
JN.1.4;2023-05-31;0.0;BA.2.x
JN.1.4;2023-06-07;0.0;BA.2.x
JN.1.4;2023-06-14;0.0;BA.2.x
JN.1.4;2023-06-21;0.0;BA.2.x
JN.1.4;2023-06-28;0.0;BA.2.x
JN.1.4;2023-07-05;0.0;BA.2.x
JN.1.4;2023-07-12;0.0;BA.2.x
JN.1.4;2023-07-19;0.0;BA.2.x
JN.1.4;2023-07-26;0.0;BA.2.x
JN.1.4;2023-08-02;0.0;BA.2.x
JN.1.4;2023-08-09;0.0;BA.2.x
JN.1.4;2023-08-16;0.0;BA.2.x
JN.1.4;2023-08-23;0.0;BA.2.x
JN.1.4;2023-08-30;0.0;BA.2.x
JN.1.4;2023-09-06;0.0;BA.2.x
JN.1.4;2023-09-13;0.0;BA.2.x
JN.1.4;2023-09-20;0.0;BA.2.x
JN.1.4;2023-09-27;0.0;BA.2.x
JN.1.4;2023-10-04;0.004;BA.2.x
JN.1.4;2023-10-11;0.011;BA.2.x
JN.1.4;2023-10-18;0.017;BA.2.x
JN.1.4;2023-10-25;0.039;BA.2.x
JN.1.4;2023-11-01;0.047;BA.2.x
JN.1.4;2023-11-08;0.073;BA.2.x
JN.1.4;2023-11-15;0.134;BA.2.x
JN.1.4;2023-11-22;0.161;BA.2.x
JN.1.4;2023-11-29;0.174;BA.2.x
JN.1.4;2023-12-06;0.221;BA.2.x
JN.1.4;2023-12-13;0.236;BA.2.x
JN.1.4;2023-12-20;0.323;BA.2.x
JN.1.4;2023-12-27;0.372;BA.2.x
JN.1.4;2024-01-03;0.437;BA.2.x
JN.1.4;2024-01-10;0.473;BA.2.x
JN.1.4;2024-01-17;0.455;BA.2.x
JN.1.4;2024-01-24;0.469;BA.2.x
JN.1.4;2024-01-31;0.569;BA.2.x
JN.1.4;2024-02-07;0.774;BA.2.x
JN.1.4;2024-02-14;0.759;BA.2.x
JN.1.4;2024-02-21;0.849;BA.2.x
JN.1.4;2024-02-28;0.9;BA.2.x
JN.1.19;2022-09-21;0.0;BA.2.x
JN.1.19;2022-09-28;0.0;BA.2.x
JN.1.19;2022-10-05;0.0;BA.2.x
JN.1.19;2022-10-12;0.0;BA.2.x
JN.1.19;2022-10-19;0.0;BA.2.x
JN.1.19;2022-10-26;0.0;BA.2.x
JN.1.19;2022-11-02;0.0;BA.2.x
JN.1.19;2022-11-09;0.0;BA.2.x
JN.1.19;2022-11-16;0.0;BA.2.x
JN.1.19;2022-11-23;0.0;BA.2.x
JN.1.19;2022-11-30;0.0;BA.2.x
JN.1.19;2022-12-07;0.0;BA.2.x
JN.1.19;2022-12-14;0.0;BA.2.x
JN.1.19;2022-12-21;0.0;BA.2.x
JN.1.19;2022-12-28;0.0;BA.2.x
JN.1.19;2023-01-04;0.0;BA.2.x
JN.1.19;2023-01-11;0.0;BA.2.x
JN.1.19;2023-01-18;0.0;BA.2.x
JN.1.19;2023-01-25;0.0;BA.2.x
JN.1.19;2023-02-01;0.0;BA.2.x
JN.1.19;2023-02-08;0.0;BA.2.x
JN.1.19;2023-02-15;0.0;BA.2.x
JN.1.19;2023-02-22;0.0;BA.2.x
JN.1.19;2023-03-01;0.0;BA.2.x
JN.1.19;2023-03-08;0.0;BA.2.x
JN.1.19;2023-03-15;0.0;BA.2.x
JN.1.19;2023-03-22;0.0;BA.2.x
JN.1.19;2023-03-29;0.0;BA.2.x
JN.1.19;2023-04-05;0.0;BA.2.x
JN.1.19;2023-04-12;0.0;BA.2.x
JN.1.19;2023-04-19;0.0;BA.2.x
JN.1.19;2023-04-26;0.0;BA.2.x
JN.1.19;2023-05-03;0.0;BA.2.x
JN.1.19;2023-05-10;0.0;BA.2.x
JN.1.19;2023-05-17;0.0;BA.2.x
JN.1.19;2023-05-24;0.0;BA.2.x
JN.1.19;2023-05-31;0.0;BA.2.x
JN.1.19;2023-06-07;0.0;BA.2.x
JN.1.19;2023-06-14;0.0;BA.2.x
JN.1.19;2023-06-21;0.0;BA.2.x
JN.1.19;2023-06-28;0.0;BA.2.x
JN.1.19;2023-07-05;0.0;BA.2.x
JN.1.19;2023-07-12;0.0;BA.2.x
JN.1.19;2023-07-19;0.0;BA.2.x
JN.1.19;2023-07-26;0.0;BA.2.x
JN.1.19;2023-08-02;0.0;BA.2.x
JN.1.19;2023-08-09;0.0;BA.2.x
JN.1.19;2023-08-16;0.0;BA.2.x
JN.1.19;2023-08-23;0.0;BA.2.x
JN.1.19;2023-08-30;0.0;BA.2.x
JN.1.19;2023-09-06;0.0;BA.2.x
JN.1.19;2023-09-13;0.0;BA.2.x
JN.1.19;2023-09-20;0.0;BA.2.x
JN.1.19;2023-09-27;0.0;BA.2.x
JN.1.19;2023-10-04;0.0;BA.2.x
JN.1.19;2023-10-11;0.0;BA.2.x
JN.1.19;2023-10-18;0.0;BA.2.x
JN.1.19;2023-10-25;0.0;BA.2.x
JN.1.19;2023-11-01;0.0;BA.2.x
JN.1.19;2023-11-08;0.001;BA.2.x
JN.1.19;2023-11-15;0.002;BA.2.x
JN.1.19;2023-11-22;0.005;BA.2.x
JN.1.19;2023-11-29;0.011;BA.2.x
JN.1.19;2023-12-06;0.031;BA.2.x
JN.1.19;2023-12-13;0.017;BA.2.x
JN.1.19;2023-12-20;0.129;BA.2.x
JN.1.19;2023-12-27;0.033;BA.2.x
JN.1.19;2024-01-03;0.023;BA.2.x
JN.1.19;2024-01-10;0.015;BA.2.x
JN.1.19;2024-01-17;0.14;BA.2.x
JN.1.19;2024-01-24;0.028;BA.2.x
JN.1.19;2024-01-31;0.005;BA.2.x
JN.1.19;2024-02-07;0.005;BA.2.x
JN.1.19;2024-02-14;0.034;BA.2.x
JN.1.19;2024-02-21;0.034;BA.2.x
JN.1.19;2024-02-28;0.03;BA.2.x
JN.1;2022-09-21;0.0;BA.2.x
JN.1;2022-09-28;0.0;BA.2.x
JN.1;2022-10-05;0.0;BA.2.x
JN.1;2022-10-12;0.0;BA.2.x
JN.1;2022-10-19;0.0;BA.2.x
JN.1;2022-10-26;0.0;BA.2.x
JN.1;2022-11-02;0.0;BA.2.x
JN.1;2022-11-09;0.0;BA.2.x
JN.1;2022-11-16;0.0;BA.2.x
JN.1;2022-11-23;0.0;BA.2.x
JN.1;2022-11-30;0.0;BA.2.x
JN.1;2022-12-07;0.0;BA.2.x
JN.1;2022-12-14;0.0;BA.2.x
JN.1;2022-12-21;0.0;BA.2.x
JN.1;2022-12-28;0.0;BA.2.x
JN.1;2023-01-04;0.0;BA.2.x
JN.1;2023-01-11;0.0;BA.2.x
JN.1;2023-01-18;0.0;BA.2.x
JN.1;2023-01-25;0.0;BA.2.x
JN.1;2023-02-01;0.0;BA.2.x
JN.1;2023-02-08;0.0;BA.2.x
JN.1;2023-02-15;0.0;BA.2.x
JN.1;2023-02-22;0.0;BA.2.x
JN.1;2023-03-01;0.0;BA.2.x
JN.1;2023-03-08;0.0;BA.2.x
JN.1;2023-03-15;0.0;BA.2.x
JN.1;2023-03-22;0.0;BA.2.x
JN.1;2023-03-29;0.0;BA.2.x
JN.1;2023-04-05;0.0;BA.2.x
JN.1;2023-04-12;0.0;BA.2.x
JN.1;2023-04-19;0.0;BA.2.x
JN.1;2023-04-26;0.0;BA.2.x
JN.1;2023-05-03;0.0;BA.2.x
JN.1;2023-05-10;0.0;BA.2.x
JN.1;2023-05-17;0.0;BA.2.x
JN.1;2023-05-24;0.0;BA.2.x
JN.1;2023-05-31;0.0;BA.2.x
JN.1;2023-06-07;0.0;BA.2.x
JN.1;2023-06-14;0.0;BA.2.x
JN.1;2023-06-21;0.0;BA.2.x
JN.1;2023-06-28;0.0;BA.2.x
JN.1;2023-07-05;0.0;BA.2.x
JN.1;2023-07-12;0.0;BA.2.x
JN.1;2023-07-19;0.0;BA.2.x
JN.1;2023-07-26;0.0;BA.2.x
JN.1;2023-08-02;0.0;BA.2.x
JN.1;2023-08-09;0.0;BA.2.x
JN.1;2023-08-16;0.0;BA.2.x
JN.1;2023-08-23;0.0;BA.2.x
JN.1;2023-08-30;0.0;BA.2.x
JN.1;2023-09-06;0.0;BA.2.x
JN.1;2023-09-13;0.0;BA.2.x
JN.1;2023-09-20;0.0;BA.2.x
JN.1;2023-09-27;0.0;BA.2.x
JN.1;2023-10-04;0.0;BA.2.x
JN.1;2023-10-11;0.004;BA.2.x
JN.1;2023-10-18;0.026;BA.2.x
JN.1;2023-10-25;0.016;BA.2.x
JN.1;2023-11-01;0.033;BA.2.x
JN.1;2023-11-08;0.033;BA.2.x
JN.1;2023-11-15;0.041;BA.2.x
JN.1;2023-11-22;0.071;BA.2.x
JN.1;2023-11-29;0.105;BA.2.x
JN.1;2023-12-06;0.183;BA.2.x
JN.1;2023-12-13;0.243;BA.2.x
JN.1;2023-12-20;0.201;BA.2.x
JN.1;2023-12-27;0.35;BA.2.x
JN.1;2024-01-03;0.303;BA.2.x
JN.1;2024-01-10;0.27;BA.2.x
JN.1;2024-01-17;0.271;BA.2.x
JN.1;2024-01-24;0.231;BA.2.x
JN.1;2024-01-31;0.19;BA.2.x
JN.1;2024-02-07;0.14;BA.2.x
JN.1;2024-02-14;0.148;BA.2.x
JN.1;2024-02-21;0.049;BA.2.x
JN.1;2024-02-28;0.009;BA.2.x
DV.7.1;2022-09-21;0.0;BA.2.x
DV.7.1;2022-09-28;0.0;BA.2.x
DV.7.1;2022-10-05;0.0;BA.2.x
DV.7.1;2022-10-12;0.0;BA.2.x
DV.7.1;2022-10-19;0.0;BA.2.x
DV.7.1;2022-10-26;0.0;BA.2.x
DV.7.1;2022-11-02;0.0;BA.2.x
DV.7.1;2022-11-09;0.0;BA.2.x
DV.7.1;2022-11-16;0.0;BA.2.x
DV.7.1;2022-11-23;0.0;BA.2.x
DV.7.1;2022-11-30;0.0;BA.2.x
DV.7.1;2022-12-07;0.0;BA.2.x
DV.7.1;2022-12-14;0.0;BA.2.x
DV.7.1;2022-12-21;0.0;BA.2.x
DV.7.1;2022-12-28;0.001;BA.2.x
DV.7.1;2023-01-04;0.0;BA.2.x
DV.7.1;2023-01-11;0.0;BA.2.x
DV.7.1;2023-01-18;0.0;BA.2.x
DV.7.1;2023-01-25;0.0;BA.2.x
DV.7.1;2023-02-01;0.004;BA.2.x
DV.7.1;2023-02-08;0.004;BA.2.x
DV.7.1;2023-02-15;0.011;BA.2.x
DV.7.1;2023-02-22;0.007;BA.2.x
DV.7.1;2023-03-01;0.005;BA.2.x
DV.7.1;2023-03-08;0.0;BA.2.x
DV.7.1;2023-03-15;0.001;BA.2.x
DV.7.1;2023-03-22;0.008;BA.2.x
DV.7.1;2023-03-29;0.002;BA.2.x
DV.7.1;2023-04-05;0.001;BA.2.x
DV.7.1;2023-04-12;0.0;BA.2.x
DV.7.1;2023-04-19;0.004;BA.2.x
DV.7.1;2023-04-26;0.0;BA.2.x
DV.7.1;2023-05-03;0.001;BA.2.x
DV.7.1;2023-05-10;0.0;BA.2.x
DV.7.1;2023-05-17;0.0;BA.2.x
DV.7.1;2023-05-24;0.0;BA.2.x
DV.7.1;2023-05-31;0.0;BA.2.x
DV.7.1;2023-06-07;0.0;BA.2.x
DV.7.1;2023-06-14;0.0;BA.2.x
DV.7.1;2023-06-21;0.0;BA.2.x
DV.7.1;2023-06-28;0.0;BA.2.x
DV.7.1;2023-07-05;0.0;BA.2.x
DV.7.1;2023-07-12;0.0;BA.2.x
DV.7.1;2023-07-19;0.008;BA.2.x
DV.7.1;2023-07-26;0.0;BA.2.x
DV.7.1;2023-08-02;0.0;BA.2.x
DV.7.1;2023-08-09;0.0;BA.2.x
DV.7.1;2023-08-16;0.003;BA.2.x
DV.7.1;2023-08-23;0.046;BA.2.x
DV.7.1;2023-08-30;0.006;BA.2.x
DV.7.1;2023-09-06;0.006;BA.2.x
DV.7.1;2023-09-13;0.034;BA.2.x
DV.7.1;2023-09-20;0.041;BA.2.x
DV.7.1;2023-09-27;0.041;BA.2.x
DV.7.1;2023-10-04;0.04;BA.2.x
DV.7.1;2023-10-11;0.031;BA.2.x
DV.7.1;2023-10-18;0.026;BA.2.x
DV.7.1;2023-10-25;0.012;BA.2.x
DV.7.1;2023-11-01;0.011;BA.2.x
DV.7.1;2023-11-08;0.025;BA.2.x
DV.7.1;2023-11-15;0.027;BA.2.x
DV.7.1;2023-11-22;0.01;BA.2.x
DV.7.1;2023-11-29;0.008;BA.2.x
DV.7.1;2023-12-06;0.005;BA.2.x
DV.7.1;2023-12-13;0.002;BA.2.x
DV.7.1;2023-12-20;0.001;BA.2.x
DV.7.1;2023-12-27;0.0;BA.2.x
DV.7.1;2024-01-03;0.0;BA.2.x
DV.7.1;2024-01-10;0.0;BA.2.x
DV.7.1;2024-01-17;0.0;BA.2.x
DV.7.1;2024-01-24;0.0;BA.2.x
DV.7.1;2024-01-31;0.0;BA.2.x
DV.7.1;2024-02-07;0.0;BA.2.x
DV.7.1;2024-02-14;0.0;BA.2.x
DV.7.1;2024-02-21;0.0;BA.2.x
DV.7.1;2024-02-28;0.0;BA.2.x
CH.1.1;2022-09-21;0.012;BA.2.x
CH.1.1;2022-09-28;0.003;BA.2.x
CH.1.1;2022-10-05;0.002;BA.2.x
CH.1.1;2022-10-12;0.0;BA.2.x
CH.1.1;2022-10-19;0.002;BA.2.x
CH.1.1;2022-10-26;0.002;BA.2.x
CH.1.1;2022-11-02;0.02;BA.2.x
CH.1.1;2022-11-09;0.02;BA.2.x
CH.1.1;2022-11-16;0.028;BA.2.x
CH.1.1;2022-11-23;0.047;BA.2.x
CH.1.1;2022-11-30;0.042;BA.2.x
CH.1.1;2022-12-07;0.043;BA.2.x
CH.1.1;2022-12-14;0.053;BA.2.x
CH.1.1;2022-12-21;0.047;BA.2.x
CH.1.1;2022-12-28;0.072;BA.2.x
CH.1.1;2023-01-04;0.089;BA.2.x
CH.1.1;2023-01-11;0.066;BA.2.x
CH.1.1;2023-01-18;0.129;BA.2.x
CH.1.1;2023-01-25;0.128;BA.2.x
CH.1.1;2023-02-01;0.108;BA.2.x
CH.1.1;2023-02-08;0.112;BA.2.x
CH.1.1;2023-02-15;0.11;BA.2.x
CH.1.1;2023-02-22;0.108;BA.2.x
CH.1.1;2023-03-01;0.102;BA.2.x
CH.1.1;2023-03-08;0.095;BA.2.x
CH.1.1;2023-03-15;0.083;BA.2.x
CH.1.1;2023-03-22;0.057;BA.2.x
CH.1.1;2023-03-29;0.063;BA.2.x
CH.1.1;2023-04-05;0.07;BA.2.x
CH.1.1;2023-04-12;0.086;BA.2.x
CH.1.1;2023-04-19;0.062;BA.2.x
CH.1.1;2023-04-26;0.046;BA.2.x
CH.1.1;2023-05-03;0.037;BA.2.x
CH.1.1;2023-05-10;0.05;BA.2.x
CH.1.1;2023-05-17;0.052;BA.2.x
CH.1.1;2023-05-24;0.053;BA.2.x
CH.1.1;2023-05-31;0.059;BA.2.x
CH.1.1;2023-06-07;0.004;BA.2.x
CH.1.1;2023-06-14;0.003;BA.2.x
CH.1.1;2023-06-21;0.006;BA.2.x
CH.1.1;2023-06-28;0.007;BA.2.x
CH.1.1;2023-07-05;0.01;BA.2.x
CH.1.1;2023-07-12;0.008;BA.2.x
CH.1.1;2023-07-19;0.0;BA.2.x
CH.1.1;2023-07-26;0.0;BA.2.x
CH.1.1;2023-08-02;0.0;BA.2.x
CH.1.1;2023-08-09;0.002;BA.2.x
CH.1.1;2023-08-16;0.053;BA.2.x
CH.1.1;2023-08-23;0.007;BA.2.x
CH.1.1;2023-08-30;0.076;BA.2.x
CH.1.1;2023-09-06;0.074;BA.2.x
CH.1.1;2023-09-13;0.009;BA.2.x
CH.1.1;2023-09-20;0.017;BA.2.x
CH.1.1;2023-09-27;0.015;BA.2.x
CH.1.1;2023-10-04;0.017;BA.2.x
CH.1.1;2023-10-11;0.007;BA.2.x
CH.1.1;2023-10-18;0.003;BA.2.x
CH.1.1;2023-10-25;0.004;BA.2.x
CH.1.1;2023-11-01;0.005;BA.2.x
CH.1.1;2023-11-08;0.002;BA.2.x
CH.1.1;2023-11-15;0.008;BA.2.x
CH.1.1;2023-11-22;0.015;BA.2.x
CH.1.1;2023-11-29;0.003;BA.2.x
CH.1.1;2023-12-06;0.002;BA.2.x
CH.1.1;2023-12-13;0.004;BA.2.x
CH.1.1;2023-12-20;0.0;BA.2.x
CH.1.1;2023-12-27;0.001;BA.2.x
CH.1.1;2024-01-03;0.0;BA.2.x
CH.1.1;2024-01-10;0.0;BA.2.x
CH.1.1;2024-01-17;0.0;BA.2.x
CH.1.1;2024-01-24;0.0;BA.2.x
CH.1.1;2024-01-31;0.0;BA.2.x
CH.1.1;2024-02-07;0.0;BA.2.x
CH.1.1;2024-02-14;0.0;BA.2.x
CH.1.1;2024-02-21;0.0;BA.2.x
CH.1.1;2024-02-28;0.0;BA.2.x
BN.1;2022-09-21;0.0;BA.2.x
BN.1;2022-09-28;0.0;BA.2.x
BN.1;2022-10-05;0.0;BA.2.x
BN.1;2022-10-12;0.0;BA.2.x
BN.1;2022-10-19;0.0;BA.2.x
BN.1;2022-10-26;0.004;BA.2.x
BN.1;2022-11-02;0.033;BA.2.x
BN.1;2022-11-09;0.029;BA.2.x
BN.1;2022-11-16;0.049;BA.2.x
BN.1;2022-11-23;0.058;BA.2.x
BN.1;2022-11-30;0.078;BA.2.x
BN.1;2022-12-07;0.072;BA.2.x
BN.1;2022-12-14;0.068;BA.2.x
BN.1;2022-12-21;0.089;BA.2.x
BN.1;2022-12-28;0.0;BA.2.x
BN.1;2023-01-04;0.0;BA.2.x
BN.1;2023-01-11;0.0;BA.2.x
BN.1;2023-01-18;0.0;BA.2.x
BN.1;2023-01-25;0.0;BA.2.x
BN.1;2023-02-01;0.0;BA.2.x
BN.1;2023-02-08;0.0;BA.2.x
BN.1;2023-02-15;0.0;BA.2.x
BN.1;2023-02-22;0.0;BA.2.x
BN.1;2023-03-01;0.0;BA.2.x
BN.1;2023-03-08;0.0;BA.2.x
BN.1;2023-03-15;0.0;BA.2.x
BN.1;2023-03-22;0.0;BA.2.x
BN.1;2023-03-29;0.0;BA.2.x
BN.1;2023-04-05;0.0;BA.2.x
BN.1;2023-04-12;0.0;BA.2.x
BN.1;2023-04-19;0.0;BA.2.x
BN.1;2023-04-26;0.0;BA.2.x
BN.1;2023-05-03;0.0;BA.2.x
BN.1;2023-05-10;0.0;BA.2.x
BN.1;2023-05-17;0.0;BA.2.x
BN.1;2023-05-24;0.0;BA.2.x
BN.1;2023-05-31;0.0;BA.2.x
BN.1;2023-06-07;0.0;BA.2.x
BN.1;2023-06-14;0.0;BA.2.x
BN.1;2023-06-21;0.0;BA.2.x
BN.1;2023-06-28;0.0;BA.2.x
BN.1;2023-07-05;0.0;BA.2.x
BN.1;2023-07-12;0.0;BA.2.x
BN.1;2023-07-19;0.0;BA.2.x
BN.1;2023-07-26;0.0;BA.2.x
BN.1;2023-08-02;0.0;BA.2.x
BN.1;2023-08-09;0.0;BA.2.x
BN.1;2023-08-16;0.0;BA.2.x
BN.1;2023-08-23;0.0;BA.2.x
BN.1;2023-08-30;0.0;BA.2.x
BN.1;2023-09-06;0.0;BA.2.x
BN.1;2023-09-13;0.0;BA.2.x
BN.1;2023-09-20;0.0;BA.2.x
BN.1;2023-09-27;0.0;BA.2.x
BN.1;2023-10-04;0.0;BA.2.x
BN.1;2023-10-11;0.0;BA.2.x
BN.1;2023-10-18;0.0;BA.2.x
BN.1;2023-10-25;0.0;BA.2.x
BN.1;2023-11-01;0.0;BA.2.x
BN.1;2023-11-08;0.0;BA.2.x
BN.1;2023-11-15;0.0;BA.2.x
BN.1;2023-11-22;0.0;BA.2.x
BN.1;2023-11-29;0.0;BA.2.x
BN.1;2023-12-06;0.0;BA.2.x
BN.1;2023-12-13;0.0;BA.2.x
BN.1;2023-12-20;0.0;BA.2.x
BN.1;2023-12-27;0.0;BA.2.x
BN.1;2024-01-03;0.0;BA.2.x
BN.1;2024-01-10;0.0;BA.2.x
BN.1;2024-01-17;0.0;BA.2.x
BN.1;2024-01-24;0.0;BA.2.x
BN.1;2024-01-31;0.0;BA.2.x
BN.1;2024-02-07;0.0;BA.2.x
BN.1;2024-02-14;0.0;BA.2.x
BN.1;2024-02-21;0.0;BA.2.x
BN.1;2024-02-28;0.0;BA.2.x
BA.2.86.1;2022-09-21;0.0;BA.2.x
BA.2.86.1;2022-09-28;0.0;BA.2.x
BA.2.86.1;2022-10-05;0.0;BA.2.x
BA.2.86.1;2022-10-12;0.0;BA.2.x
BA.2.86.1;2022-10-19;0.0;BA.2.x
BA.2.86.1;2022-10-26;0.0;BA.2.x
BA.2.86.1;2022-11-02;0.0;BA.2.x
BA.2.86.1;2022-11-09;0.0;BA.2.x
BA.2.86.1;2022-11-16;0.0;BA.2.x
BA.2.86.1;2022-11-23;0.0;BA.2.x
BA.2.86.1;2022-11-30;0.0;BA.2.x
BA.2.86.1;2022-12-07;0.0;BA.2.x
BA.2.86.1;2022-12-14;0.0;BA.2.x
BA.2.86.1;2022-12-21;0.0;BA.2.x
BA.2.86.1;2022-12-28;0.0;BA.2.x
BA.2.86.1;2023-01-04;0.0;BA.2.x
BA.2.86.1;2023-01-11;0.0;BA.2.x
BA.2.86.1;2023-01-18;0.0;BA.2.x
BA.2.86.1;2023-01-25;0.0;BA.2.x
BA.2.86.1;2023-02-01;0.0;BA.2.x
BA.2.86.1;2023-02-08;0.0;BA.2.x
BA.2.86.1;2023-02-15;0.0;BA.2.x
BA.2.86.1;2023-02-22;0.0;BA.2.x
BA.2.86.1;2023-03-01;0.0;BA.2.x
BA.2.86.1;2023-03-08;0.0;BA.2.x
BA.2.86.1;2023-03-15;0.0;BA.2.x
BA.2.86.1;2023-03-22;0.0;BA.2.x
BA.2.86.1;2023-03-29;0.0;BA.2.x
BA.2.86.1;2023-04-05;0.0;BA.2.x
BA.2.86.1;2023-04-12;0.0;BA.2.x
BA.2.86.1;2023-04-19;0.0;BA.2.x
BA.2.86.1;2023-04-26;0.0;BA.2.x
BA.2.86.1;2023-05-03;0.0;BA.2.x
BA.2.86.1;2023-05-10;0.0;BA.2.x
BA.2.86.1;2023-05-17;0.0;BA.2.x
BA.2.86.1;2023-05-24;0.0;BA.2.x
BA.2.86.1;2023-05-31;0.0;BA.2.x
BA.2.86.1;2023-06-07;0.0;BA.2.x
BA.2.86.1;2023-06-14;0.0;BA.2.x
BA.2.86.1;2023-06-21;0.0;BA.2.x
BA.2.86.1;2023-06-28;0.0;BA.2.x
BA.2.86.1;2023-07-05;0.0;BA.2.x
BA.2.86.1;2023-07-12;0.0;BA.2.x
BA.2.86.1;2023-07-19;0.0;BA.2.x
BA.2.86.1;2023-07-26;0.0;BA.2.x
BA.2.86.1;2023-08-02;0.0;BA.2.x
BA.2.86.1;2023-08-09;0.0;BA.2.x
BA.2.86.1;2023-08-16;0.0;BA.2.x
BA.2.86.1;2023-08-23;0.0;BA.2.x
BA.2.86.1;2023-08-30;0.0;BA.2.x
BA.2.86.1;2023-09-06;0.0;BA.2.x
BA.2.86.1;2023-09-13;0.0;BA.2.x
BA.2.86.1;2023-09-20;0.0;BA.2.x
BA.2.86.1;2023-09-27;0.004;BA.2.x
BA.2.86.1;2023-10-04;0.009;BA.2.x
BA.2.86.1;2023-10-11;0.0;BA.2.x
BA.2.86.1;2023-10-18;0.011;BA.2.x
BA.2.86.1;2023-10-25;0.006;BA.2.x
BA.2.86.1;2023-11-01;0.016;BA.2.x
BA.2.86.1;2023-11-08;0.036;BA.2.x
BA.2.86.1;2023-11-15;0.052;BA.2.x
BA.2.86.1;2023-11-22;0.072;BA.2.x
BA.2.86.1;2023-11-29;0.08;BA.2.x
BA.2.86.1;2023-12-06;0.091;BA.2.x
BA.2.86.1;2023-12-13;0.134;BA.2.x
BA.2.86.1;2023-12-20;0.098;BA.2.x
BA.2.86.1;2023-12-27;0.049;BA.2.x
BA.2.86.1;2024-01-03;0.029;BA.2.x
BA.2.86.1;2024-01-10;0.017;BA.2.x
BA.2.86.1;2024-01-17;0.012;BA.2.x
BA.2.86.1;2024-01-24;0.006;BA.2.x
BA.2.86.1;2024-01-31;0.004;BA.2.x
BA.2.86.1;2024-02-07;0.003;BA.2.x
BA.2.86.1;2024-02-14;0.001;BA.2.x
BA.2.86.1;2024-02-21;0.001;BA.2.x
BA.2.86.1;2024-02-28;0.0;BA.2.x
BA.2.86;2022-09-21;0.0;BA.2.x
BA.2.86;2022-09-28;0.0;BA.2.x
BA.2.86;2022-10-05;0.0;BA.2.x
BA.2.86;2022-10-12;0.0;BA.2.x
BA.2.86;2022-10-19;0.0;BA.2.x
BA.2.86;2022-10-26;0.0;BA.2.x
BA.2.86;2022-11-02;0.0;BA.2.x
BA.2.86;2022-11-09;0.0;BA.2.x
BA.2.86;2022-11-16;0.0;BA.2.x
BA.2.86;2022-11-23;0.0;BA.2.x
BA.2.86;2022-11-30;0.0;BA.2.x
BA.2.86;2022-12-07;0.0;BA.2.x
BA.2.86;2022-12-14;0.0;BA.2.x
BA.2.86;2022-12-21;0.0;BA.2.x
BA.2.86;2022-12-28;0.0;BA.2.x
BA.2.86;2023-01-04;0.0;BA.2.x
BA.2.86;2023-01-11;0.0;BA.2.x
BA.2.86;2023-01-18;0.0;BA.2.x
BA.2.86;2023-01-25;0.0;BA.2.x
BA.2.86;2023-02-01;0.0;BA.2.x
BA.2.86;2023-02-08;0.0;BA.2.x
BA.2.86;2023-02-15;0.0;BA.2.x
BA.2.86;2023-02-22;0.0;BA.2.x
BA.2.86;2023-03-01;0.0;BA.2.x
BA.2.86;2023-03-08;0.0;BA.2.x
BA.2.86;2023-03-15;0.0;BA.2.x
BA.2.86;2023-03-22;0.0;BA.2.x
BA.2.86;2023-03-29;0.0;BA.2.x
BA.2.86;2023-04-05;0.0;BA.2.x
BA.2.86;2023-04-12;0.0;BA.2.x
BA.2.86;2023-04-19;0.0;BA.2.x
BA.2.86;2023-04-26;0.0;BA.2.x
BA.2.86;2023-05-03;0.0;BA.2.x
BA.2.86;2023-05-10;0.0;BA.2.x
BA.2.86;2023-05-17;0.0;BA.2.x
BA.2.86;2023-05-24;0.0;BA.2.x
BA.2.86;2023-05-31;0.0;BA.2.x
BA.2.86;2023-06-07;0.0;BA.2.x
BA.2.86;2023-06-14;0.0;BA.2.x
BA.2.86;2023-06-21;0.0;BA.2.x
BA.2.86;2023-06-28;0.0;BA.2.x
BA.2.86;2023-07-05;0.0;BA.2.x
BA.2.86;2023-07-12;0.0;BA.2.x
BA.2.86;2023-07-19;0.0;BA.2.x
BA.2.86;2023-07-26;0.0;BA.2.x
BA.2.86;2023-08-02;0.0;BA.2.x
BA.2.86;2023-08-09;0.0;BA.2.x
BA.2.86;2023-08-16;0.0;BA.2.x
BA.2.86;2023-08-23;0.0;BA.2.x
BA.2.86;2023-08-30;0.0;BA.2.x
BA.2.86;2023-09-06;0.0;BA.2.x
BA.2.86;2023-09-13;0.001;BA.2.x
BA.2.86;2023-09-20;0.0;BA.2.x
BA.2.86;2023-09-27;0.003;BA.2.x
BA.2.86;2023-10-04;0.005;BA.2.x
BA.2.86;2023-10-11;0.001;BA.2.x
BA.2.86;2023-10-18;0.012;BA.2.x
BA.2.86;2023-10-25;0.011;BA.2.x
BA.2.86;2023-11-01;0.007;BA.2.x
BA.2.86;2023-11-08;0.006;BA.2.x
BA.2.86;2023-11-15;0.013;BA.2.x
BA.2.86;2023-11-22;0.017;BA.2.x
BA.2.86;2023-11-29;0.038;BA.2.x
BA.2.86;2023-12-06;0.031;BA.2.x
BA.2.86;2023-12-13;0.023;BA.2.x
BA.2.86;2023-12-20;0.023;BA.2.x
BA.2.86;2023-12-27;0.014;BA.2.x
BA.2.86;2024-01-03;0.011;BA.2.x
BA.2.86;2024-01-10;0.052;BA.2.x
BA.2.86;2024-01-17;0.007;BA.2.x
BA.2.86;2024-01-24;0.001;BA.2.x
BA.2.86;2024-01-31;0.001;BA.2.x
BA.2.86;2024-02-07;0.001;BA.2.x
BA.2.86;2024-02-14;0.002;BA.2.x
BA.2.86;2024-02-21;0.0;BA.2.x
BA.2.86;2024-02-28;0.0;BA.2.x
BA.2.75x;2022-09-21;0.0;BA.2.x
BA.2.75x;2022-09-28;0.0;BA.2.x
BA.2.75x;2022-10-05;0.0;BA.2.x
BA.2.75x;2022-10-12;0.0;BA.2.x
BA.2.75x;2022-10-19;0.0;BA.2.x
BA.2.75x;2022-10-26;0.0;BA.2.x
BA.2.75x;2022-11-02;0.0;BA.2.x
BA.2.75x;2022-11-09;0.0;BA.2.x
BA.2.75x;2022-11-16;0.0;BA.2.x
BA.2.75x;2022-11-23;0.0;BA.2.x
BA.2.75x;2022-11-30;0.0;BA.2.x
BA.2.75x;2022-12-07;0.0;BA.2.x
BA.2.75x;2022-12-14;0.0;BA.2.x
BA.2.75x;2022-12-21;0.0;BA.2.x
BA.2.75x;2022-12-28;0.058;BA.2.x
BA.2.75x;2023-01-04;0.076;BA.2.x
BA.2.75x;2023-01-11;0.052;BA.2.x
BA.2.75x;2023-01-18;0.045;BA.2.x
BA.2.75x;2023-01-25;0.104;BA.2.x
BA.2.75x;2023-02-01;0.0;BA.2.x
BA.2.75x;2023-02-08;0.0;BA.2.x
BA.2.75x;2023-02-15;0.0;BA.2.x
BA.2.75x;2023-02-22;0.0;BA.2.x
BA.2.75x;2023-03-01;0.0;BA.2.x
BA.2.75x;2023-03-08;0.0;BA.2.x
BA.2.75x;2023-03-15;0.0;BA.2.x
BA.2.75x;2023-03-22;0.0;BA.2.x
BA.2.75x;2023-03-29;0.0;BA.2.x
BA.2.75x;2023-04-05;0.0;BA.2.x
BA.2.75x;2023-04-12;0.0;BA.2.x
BA.2.75x;2023-04-19;0.0;BA.2.x
BA.2.75x;2023-04-26;0.0;BA.2.x
BA.2.75x;2023-05-03;0.0;BA.2.x
BA.2.75x;2023-05-10;0.0;BA.2.x
BA.2.75x;2023-05-17;0.0;BA.2.x
BA.2.75x;2023-05-24;0.0;BA.2.x
BA.2.75x;2023-05-31;0.0;BA.2.x
BA.2.75x;2023-06-07;0.0;BA.2.x
BA.2.75x;2023-06-14;0.0;BA.2.x
BA.2.75x;2023-06-21;0.0;BA.2.x
BA.2.75x;2023-06-28;0.0;BA.2.x
BA.2.75x;2023-07-05;0.0;BA.2.x
BA.2.75x;2023-07-12;0.0;BA.2.x
BA.2.75x;2023-07-19;0.0;BA.2.x
BA.2.75x;2023-07-26;0.0;BA.2.x
BA.2.75x;2023-08-02;0.0;BA.2.x
BA.2.75x;2023-08-09;0.0;BA.2.x
BA.2.75x;2023-08-16;0.0;BA.2.x
BA.2.75x;2023-08-23;0.0;BA.2.x
BA.2.75x;2023-08-30;0.0;BA.2.x
BA.2.75x;2023-09-06;0.0;BA.2.x
BA.2.75x;2023-09-13;0.0;BA.2.x
BA.2.75x;2023-09-20;0.0;BA.2.x
BA.2.75x;2023-09-27;0.0;BA.2.x
BA.2.75x;2023-10-04;0.0;BA.2.x
BA.2.75x;2023-10-11;0.0;BA.2.x
BA.2.75x;2023-10-18;0.0;BA.2.x
BA.2.75x;2023-10-25;0.0;BA.2.x
BA.2.75x;2023-11-01;0.0;BA.2.x
BA.2.75x;2023-11-08;0.0;BA.2.x
BA.2.75x;2023-11-15;0.0;BA.2.x
BA.2.75x;2023-11-22;0.0;BA.2.x
BA.2.75x;2023-11-29;0.0;BA.2.x
BA.2.75x;2023-12-06;0.0;BA.2.x
BA.2.75x;2023-12-13;0.0;BA.2.x
BA.2.75x;2023-12-20;0.0;BA.2.x
BA.2.75x;2023-12-27;0.0;BA.2.x
BA.2.75x;2024-01-03;0.0;BA.2.x
BA.2.75x;2024-01-10;0.0;BA.2.x
BA.2.75x;2024-01-17;0.0;BA.2.x
BA.2.75x;2024-01-24;0.0;BA.2.x
BA.2.75x;2024-01-31;0.0;BA.2.x
BA.2.75x;2024-02-07;0.0;BA.2.x
BA.2.75x;2024-02-14;0.0;BA.2.x
BA.2.75x;2024-02-21;0.0;BA.2.x
BA.2.75x;2024-02-28;0.0;BA.2.x
BA.2.75;2022-09-21;0.014;BA.2.x
BA.2.75;2022-09-28;0.004;BA.2.x
BA.2.75;2022-10-05;0.023;BA.2.x
BA.2.75;2022-10-12;0.006;BA.2.x
BA.2.75;2022-10-19;0.008;BA.2.x
BA.2.75;2022-10-26;0.007;BA.2.x
BA.2.75;2022-11-02;0.003;BA.2.x
BA.2.75;2022-11-09;0.006;BA.2.x
BA.2.75;2022-11-16;0.004;BA.2.x
BA.2.75;2022-11-23;0.001;BA.2.x
BA.2.75;2022-11-30;0.004;BA.2.x
BA.2.75;2022-12-07;0.003;BA.2.x
BA.2.75;2022-12-14;0.002;BA.2.x
BA.2.75;2022-12-21;0.006;BA.2.x
BA.2.75;2022-12-28;0.0;BA.2.x
BA.2.75;2023-01-04;0.0;BA.2.x
BA.2.75;2023-01-11;0.0;BA.2.x
BA.2.75;2023-01-18;0.0;BA.2.x
BA.2.75;2023-01-25;0.0;BA.2.x
BA.2.75;2023-02-01;0.115;BA.2.x
BA.2.75;2023-02-08;0.121;BA.2.x
BA.2.75;2023-02-15;0.063;BA.2.x
BA.2.75;2023-02-22;0.057;BA.2.x
BA.2.75;2023-03-01;0.048;BA.2.x
BA.2.75;2023-03-08;0.04;BA.2.x
BA.2.75;2023-03-15;0.03;BA.2.x
BA.2.75;2023-03-22;0.017;BA.2.x
BA.2.75;2023-03-29;0.013;BA.2.x
BA.2.75;2023-04-05;0.011;BA.2.x
BA.2.75;2023-04-12;0.004;BA.2.x
BA.2.75;2023-04-19;0.02;BA.2.x
BA.2.75;2023-04-26;0.002;BA.2.x
BA.2.75;2023-05-03;0.002;BA.2.x
BA.2.75;2023-05-10;0.002;BA.2.x
BA.2.75;2023-05-17;0.0;BA.2.x
BA.2.75;2023-05-24;0.0;BA.2.x
BA.2.75;2023-05-31;0.0;BA.2.x
BA.2.75;2023-06-07;0.001;BA.2.x
BA.2.75;2023-06-14;0.0;BA.2.x
BA.2.75;2023-06-21;0.0;BA.2.x
BA.2.75;2023-06-28;0.001;BA.2.x
BA.2.75;2023-07-05;0.0;BA.2.x
BA.2.75;2023-07-12;0.0;BA.2.x
BA.2.75;2023-07-19;0.0;BA.2.x
BA.2.75;2023-07-26;0.001;BA.2.x
BA.2.75;2023-08-02;0.0;BA.2.x
BA.2.75;2023-08-09;0.0;BA.2.x
BA.2.75;2023-08-16;0.002;BA.2.x
BA.2.75;2023-08-23;0.0;BA.2.x
BA.2.75;2023-08-30;0.0;BA.2.x
BA.2.75;2023-09-06;0.0;BA.2.x
BA.2.75;2023-09-13;0.0;BA.2.x
BA.2.75;2023-09-20;0.019;BA.2.x
BA.2.75;2023-09-27;0.001;BA.2.x
BA.2.75;2023-10-04;0.002;BA.2.x
BA.2.75;2023-10-11;0.001;BA.2.x
BA.2.75;2023-10-18;0.002;BA.2.x
BA.2.75;2023-10-25;0.0;BA.2.x
BA.2.75;2023-11-01;0.0;BA.2.x
BA.2.75;2023-11-08;0.0;BA.2.x
BA.2.75;2023-11-15;0.019;BA.2.x
BA.2.75;2023-11-22;0.012;BA.2.x
BA.2.75;2023-11-29;0.001;BA.2.x
BA.2.75;2023-12-06;0.001;BA.2.x
BA.2.75;2023-12-13;0.001;BA.2.x
BA.2.75;2023-12-20;0.0;BA.2.x
BA.2.75;2023-12-27;0.0;BA.2.x
BA.2.75;2024-01-03;0.0;BA.2.x
BA.2.75;2024-01-10;0.002;BA.2.x
BA.2.75;2024-01-17;0.0;BA.2.x
BA.2.75;2024-01-24;0.0;BA.2.x
BA.2.75;2024-01-31;0.0;BA.2.x
BA.2.75;2024-02-07;0.0;BA.2.x
BA.2.75;2024-02-14;0.0;BA.2.x
BA.2.75;2024-02-21;0.0;BA.2.x
BA.2.75;2024-02-28;0.0;BA.2.x
BA.2.3.20;2022-09-21;0.0;BA.2.x
BA.2.3.20;2022-09-28;0.0;BA.2.x
BA.2.3.20;2022-10-05;0.003;BA.2.x
BA.2.3.20;2022-10-12;0.002;BA.2.x
BA.2.3.20;2022-10-19;0.019;BA.2.x
BA.2.3.20;2022-10-26;0.021;BA.2.x
BA.2.3.20;2022-11-02;0.004;BA.2.x
BA.2.3.20;2022-11-09;0.001;BA.2.x
BA.2.3.20;2022-11-16;0.025;BA.2.x
BA.2.3.20;2022-11-23;0.003;BA.2.x
BA.2.3.20;2022-11-30;0.017;BA.2.x
BA.2.3.20;2022-12-07;0.013;BA.2.x
BA.2.3.20;2022-12-14;0.016;BA.2.x
BA.2.3.20;2022-12-21;0.014;BA.2.x
BA.2.3.20;2022-12-28;0.029;BA.2.x
BA.2.3.20;2023-01-04;0.016;BA.2.x
BA.2.3.20;2023-01-11;0.001;BA.2.x
BA.2.3.20;2023-01-18;0.003;BA.2.x
BA.2.3.20;2023-01-25;0.014;BA.2.x
BA.2.3.20;2023-02-01;0.001;BA.2.x
BA.2.3.20;2023-02-08;0.0;BA.2.x
BA.2.3.20;2023-02-15;0.0;BA.2.x
BA.2.3.20;2023-02-22;0.001;BA.2.x
BA.2.3.20;2023-03-01;0.0;BA.2.x
BA.2.3.20;2023-03-08;0.0;BA.2.x
BA.2.3.20;2023-03-15;0.0;BA.2.x
BA.2.3.20;2023-03-22;0.0;BA.2.x
BA.2.3.20;2023-03-29;0.0;BA.2.x
BA.2.3.20;2023-04-05;0.0;BA.2.x
BA.2.3.20;2023-04-12;0.0;BA.2.x
BA.2.3.20;2023-04-19;0.0;BA.2.x
BA.2.3.20;2023-04-26;0.0;BA.2.x
BA.2.3.20;2023-05-03;0.0;BA.2.x
BA.2.3.20;2023-05-10;0.004;BA.2.x
BA.2.3.20;2023-05-17;0.0;BA.2.x
BA.2.3.20;2023-05-24;0.0;BA.2.x
BA.2.3.20;2023-05-31;0.0;BA.2.x
BA.2.3.20;2023-06-07;0.0;BA.2.x
BA.2.3.20;2023-06-14;0.0;BA.2.x
BA.2.3.20;2023-06-21;0.0;BA.2.x
BA.2.3.20;2023-06-28;0.0;BA.2.x
BA.2.3.20;2023-07-05;0.0;BA.2.x
BA.2.3.20;2023-07-12;0.0;BA.2.x
BA.2.3.20;2023-07-19;0.0;BA.2.x
BA.2.3.20;2023-07-26;0.0;BA.2.x
BA.2.3.20;2023-08-02;0.0;BA.2.x
BA.2.3.20;2023-08-09;0.0;BA.2.x
BA.2.3.20;2023-08-16;0.0;BA.2.x
BA.2.3.20;2023-08-23;0.0;BA.2.x
BA.2.3.20;2023-08-30;0.0;BA.2.x
BA.2.3.20;2023-09-06;0.0;BA.2.x
BA.2.3.20;2023-09-13;0.0;BA.2.x
BA.2.3.20;2023-09-20;0.0;BA.2.x
BA.2.3.20;2023-09-27;0.0;BA.2.x
BA.2.3.20;2023-10-04;0.0;BA.2.x
BA.2.3.20;2023-10-11;0.0;BA.2.x
BA.2.3.20;2023-10-18;0.0;BA.2.x
BA.2.3.20;2023-10-25;0.0;BA.2.x
BA.2.3.20;2023-11-01;0.0;BA.2.x
BA.2.3.20;2023-11-08;0.0;BA.2.x
BA.2.3.20;2023-11-15;0.0;BA.2.x
BA.2.3.20;2023-11-22;0.0;BA.2.x
BA.2.3.20;2023-11-29;0.0;BA.2.x
BA.2.3.20;2023-12-06;0.0;BA.2.x
BA.2.3.20;2023-12-13;0.0;BA.2.x
BA.2.3.20;2023-12-20;0.0;BA.2.x
BA.2.3.20;2023-12-27;0.0;BA.2.x
BA.2.3.20;2024-01-03;0.0;BA.2.x
BA.2.3.20;2024-01-10;0.0;BA.2.x
BA.2.3.20;2024-01-17;0.0;BA.2.x
BA.2.3.20;2024-01-24;0.0;BA.2.x
BA.2.3.20;2024-01-31;0.0;BA.2.x
BA.2.3.20;2024-02-07;0.0;BA.2.x
BA.2.3.20;2024-02-14;0.0;BA.2.x
BA.2.3.20;2024-02-21;0.0;BA.2.x
BA.2.3.20;2024-02-28;0.0;BA.2.x
BA.2;2022-09-21;0.002;BA.2.x
BA.2;2022-09-28;0.007;BA.2.x
BA.2;2022-10-05;0.024;BA.2.x
BA.2;2022-10-12;0.001;BA.2.x
BA.2;2022-10-19;0.026;BA.2.x
BA.2;2022-10-26;0.024;BA.2.x
BA.2;2022-11-02;0.026;BA.2.x
BA.2;2022-11-09;0.024;BA.2.x
BA.2;2022-11-16;0.041;BA.2.x
BA.2;2022-11-23;0.032;BA.2.x
BA.2;2022-11-30;0.025;BA.2.x
BA.2;2022-12-07;0.02;BA.2.x
BA.2;2022-12-14;0.021;BA.2.x
BA.2;2022-12-21;0.028;BA.2.x
BA.2;2022-12-28;0.081;BA.2.x
BA.2;2023-01-04;0.056;BA.2.x
BA.2;2023-01-11;0.019;BA.2.x
BA.2;2023-01-18;0.071;BA.2.x
BA.2;2023-01-25;0.049;BA.2.x
BA.2;2023-02-01;0.063;BA.2.x
BA.2;2023-02-08;0.03;BA.2.x
BA.2;2023-02-15;0.038;BA.2.x
BA.2;2023-02-22;0.041;BA.2.x
BA.2;2023-03-01;0.036;BA.2.x
BA.2;2023-03-08;0.031;BA.2.x
BA.2;2023-03-15;0.017;BA.2.x
BA.2;2023-03-22;0.009;BA.2.x
BA.2;2023-03-29;0.005;BA.2.x
BA.2;2023-04-05;0.001;BA.2.x
BA.2;2023-04-12;0.001;BA.2.x
BA.2;2023-04-19;0.004;BA.2.x
BA.2;2023-04-26;0.011;BA.2.x
BA.2;2023-05-03;0.003;BA.2.x
BA.2;2023-05-10;0.012;BA.2.x
BA.2;2023-05-17;0.0;BA.2.x
BA.2;2023-05-24;0.0;BA.2.x
BA.2;2023-05-31;0.014;BA.2.x
BA.2;2023-06-07;0.0;BA.2.x
BA.2;2023-06-14;0.0;BA.2.x
BA.2;2023-06-21;0.002;BA.2.x
BA.2;2023-06-28;0.0;BA.2.x
BA.2;2023-07-05;0.01;BA.2.x
BA.2;2023-07-12;0.0;BA.2.x
BA.2;2023-07-19;0.0;BA.2.x
BA.2;2023-07-26;0.0;BA.2.x
BA.2;2023-08-02;0.004;BA.2.x
BA.2;2023-08-09;0.0;BA.2.x
BA.2;2023-08-16;0.0;BA.2.x
BA.2;2023-08-23;0.0;BA.2.x
BA.2;2023-08-30;0.0;BA.2.x
BA.2;2023-09-06;0.0;BA.2.x
BA.2;2023-09-13;0.0;BA.2.x
BA.2;2023-09-20;0.0;BA.2.x
BA.2;2023-09-27;0.0;BA.2.x
BA.2;2023-10-04;0.002;BA.2.x
BA.2;2023-10-11;0.0;BA.2.x
BA.2;2023-10-18;0.001;BA.2.x
BA.2;2023-10-25;0.001;BA.2.x
BA.2;2023-11-01;0.007;BA.2.x
BA.2;2023-11-08;0.011;BA.2.x
BA.2;2023-11-15;0.018;BA.2.x
BA.2;2023-11-22;0.005;BA.2.x
BA.2;2023-11-29;0.005;BA.2.x
BA.2;2023-12-06;0.005;BA.2.x
BA.2;2023-12-13;0.002;BA.2.x
BA.2;2023-12-20;0.004;BA.2.x
BA.2;2023-12-27;0.001;BA.2.x
BA.2;2024-01-03;0.002;BA.2.x
BA.2;2024-01-10;0.003;BA.2.x
BA.2;2024-01-17;0.003;BA.2.x
BA.2;2024-01-24;0.003;BA.2.x
BA.2;2024-01-31;0.001;BA.2.x
BA.2;2024-02-07;0.001;BA.2.x
BA.2;2024-02-14;0.001;BA.2.x
BA.2;2024-02-21;0.0;BA.2.x
BA.2;2024-02-28;0.0;BA.2.x
